Copyright 1986-2022 Xilinx, Inc. All Rights Reserved.
------------------------------------------------------------------------------------------------------------------------------------------------------------------------------------------------------------------------------------------------------------
| Tool Version : Vivado v.2022.1 (lin64) Build 3526262 Mon Apr 18 15:47:01 MDT 2022
| Date         : Fri Oct 31 16:09:18 2025
| Host         : arjun-Aspire-A315-59 running 64-bit Ubuntu 25.04
| Command      : report_timing_summary -max_paths 10 -report_unconstrained -file stopwatch_4digit_7seg_timing_summary_routed.rpt -pb stopwatch_4digit_7seg_timing_summary_routed.pb -rpx stopwatch_4digit_7seg_timing_summary_routed.rpx -warn_on_violation
| Design       : stopwatch_4digit_7seg
| Device       : 7a100t-csg324
| Speed File   : -1  PRODUCTION 1.23 2018-06-13
------------------------------------------------------------------------------------------------------------------------------------------------------------------------------------------------------------------------------------------------------------

Timing Summary Report

------------------------------------------------------------------------------------------------
| Timer Settings
| --------------
------------------------------------------------------------------------------------------------

  Enable Multi Corner Analysis               :  Yes
  Enable Pessimism Removal                   :  Yes
  Pessimism Removal Resolution               :  Nearest Common Node
  Enable Input Delay Default Clock           :  No
  Enable Preset / Clear Arcs                 :  No
  Disable Flight Delays                      :  No
  Ignore I/O Paths                           :  No
  Timing Early Launch at Borrowing Latches   :  No
  Borrow Time for Max Delay Exceptions       :  Yes
  Merge Timing Exceptions                    :  Yes

  Corner  Analyze    Analyze    
  Name    Max Paths  Min Paths  
  ------  ---------  ---------  
  Slow    Yes        Yes        
  Fast    Yes        Yes        


------------------------------------------------------------------------------------------------
| Report Methodology
| ------------------
------------------------------------------------------------------------------------------------

Rule       Severity          Description                    Violations  
---------  ----------------  -----------------------------  ----------  
TIMING-17  Critical Warning  Non-clocked sequential cell    2           
TIMING-18  Warning           Missing input or output delay  13          

Note: This report is based on the most recent report_methodology run and may not be up-to-date. Run report_methodology on the current design for the latest report.



check_timing report

Table of Contents
-----------------
1. checking no_clock (2)
2. checking constant_clock (0)
3. checking pulse_width_clock (0)
4. checking unconstrained_internal_endpoints (2)
5. checking no_input_delay (2)
6. checking no_output_delay (8)
7. checking multiple_clock (0)
8. checking generated_clocks (0)
9. checking loops (0)
10. checking partial_input_delay (0)
11. checking partial_output_delay (0)
12. checking latch_loops (0)

1. checking no_clock (2)
------------------------
 There are 2 register/latch pins with no clock driven by root clock pin: mux_counter_reg[15]/Q (HIGH)


2. checking constant_clock (0)
------------------------------
 There are 0 register/latch pins with constant_clock.


3. checking pulse_width_clock (0)
---------------------------------
 There are 0 register/latch pins which need pulse_width check


4. checking unconstrained_internal_endpoints (2)
------------------------------------------------
 There are 2 pins that are not constrained for maximum delay. (HIGH)

 There are 0 pins that are not constrained for maximum delay due to constant clock.


5. checking no_input_delay (2)
------------------------------
 There are 2 input ports with no input delay specified. (HIGH)

 There are 0 input ports with no input delay but user has a false path constraint.


6. checking no_output_delay (8)
-------------------------------
 There are 8 ports with no output delay specified. (HIGH)

 There are 0 ports with no output delay but user has a false path constraint

 There are 0 ports with no output delay but with a timing clock defined on it or propagating through it


7. checking multiple_clock (0)
------------------------------
 There are 0 register/latch pins with multiple clocks.


8. checking generated_clocks (0)
--------------------------------
 There are 0 generated clocks that are not connected to a clock source.


9. checking loops (0)
---------------------
 There are 0 combinational loops in the design.


10. checking partial_input_delay (0)
------------------------------------
 There are 0 input ports with partial input delay specified.


11. checking partial_output_delay (0)
-------------------------------------
 There are 0 ports with partial output delay specified.


12. checking latch_loops (0)
----------------------------
 There are 0 combinational latch loops in the design through latch input



------------------------------------------------------------------------------------------------
| Design Timing Summary
| ---------------------
------------------------------------------------------------------------------------------------

    WNS(ns)      TNS(ns)  TNS Failing Endpoints  TNS Total Endpoints      WHS(ns)      THS(ns)  THS Failing Endpoints  THS Total Endpoints     WPWS(ns)     TPWS(ns)  TPWS Failing Endpoints  TPWS Total Endpoints  
    -------      -------  ---------------------  -------------------      -------      -------  ---------------------  -------------------     --------     --------  ----------------------  --------------------  
      5.842        0.000                      0                  127        0.116        0.000                      0                  127        4.500        0.000                       0                    92  


All user specified timing constraints are met.


------------------------------------------------------------------------------------------------
| Clock Summary
| -------------
------------------------------------------------------------------------------------------------

Clock        Waveform(ns)       Period(ns)      Frequency(MHz)
-----        ------------       ----------      --------------
sys_clk_pin  {0.000 5.000}      10.000          100.000         


------------------------------------------------------------------------------------------------
| Intra Clock Table
| -----------------
------------------------------------------------------------------------------------------------

Clock             WNS(ns)      TNS(ns)  TNS Failing Endpoints  TNS Total Endpoints      WHS(ns)      THS(ns)  THS Failing Endpoints  THS Total Endpoints     WPWS(ns)     TPWS(ns)  TPWS Failing Endpoints  TPWS Total Endpoints  
-----             -------      -------  ---------------------  -------------------      -------      -------  ---------------------  -------------------     --------     --------  ----------------------  --------------------  
sys_clk_pin         5.842        0.000                      0                  127        0.116        0.000                      0                  127        4.500        0.000                       0                    92  


------------------------------------------------------------------------------------------------
| Inter Clock Table
| -----------------
------------------------------------------------------------------------------------------------

From Clock    To Clock          WNS(ns)      TNS(ns)  TNS Failing Endpoints  TNS Total Endpoints      WHS(ns)      THS(ns)  THS Failing Endpoints  THS Total Endpoints  
----------    --------          -------      -------  ---------------------  -------------------      -------      -------  ---------------------  -------------------  


------------------------------------------------------------------------------------------------
| Other Path Groups Table
| -----------------------
------------------------------------------------------------------------------------------------

Path Group    From Clock    To Clock          WNS(ns)      TNS(ns)  TNS Failing Endpoints  TNS Total Endpoints      WHS(ns)      THS(ns)  THS Failing Endpoints  THS Total Endpoints  
----------    ----------    --------          -------      -------  ---------------------  -------------------      -------      -------  ---------------------  -------------------  


------------------------------------------------------------------------------------------------
| User Ignored Path Table
| -----------------------
------------------------------------------------------------------------------------------------

Path Group    From Clock    To Clock    
----------    ----------    --------    


------------------------------------------------------------------------------------------------
| Unconstrained Path Table
| ------------------------
------------------------------------------------------------------------------------------------

Path Group    From Clock    To Clock    
----------    ----------    --------    
(none)                                    
(none)        sys_clk_pin                 
(none)                      sys_clk_pin   


------------------------------------------------------------------------------------------------
| Timing Details
| --------------
------------------------------------------------------------------------------------------------


---------------------------------------------------------------------------------------------------
From Clock:  sys_clk_pin
  To Clock:  sys_clk_pin

Setup :            0  Failing Endpoints,  Worst Slack        5.842ns,  Total Violation        0.000ns
Hold  :            0  Failing Endpoints,  Worst Slack        0.116ns,  Total Violation        0.000ns
PW    :            0  Failing Endpoints,  Worst Slack        4.500ns,  Total Violation        0.000ns
---------------------------------------------------------------------------------------------------


Max Delay Paths
--------------------------------------------------------------------------------------
Slack (MET) :             5.842ns  (required time - arrival time)
  Source:                 counter_1hz_reg[12]/C
                            (rising edge-triggered cell FDCE clocked by sys_clk_pin  {rise@0.000ns fall@5.000ns period=10.000ns})
  Destination:            counter_1hz_reg[21]/D
                            (rising edge-triggered cell FDCE clocked by sys_clk_pin  {rise@0.000ns fall@5.000ns period=10.000ns})
  Path Group:             sys_clk_pin
  Path Type:              Setup (Max at Slow Process Corner)
  Requirement:            10.000ns  (sys_clk_pin rise@10.000ns - sys_clk_pin rise@0.000ns)
  Data Path Delay:        4.130ns  (logic 0.966ns (23.389%)  route 3.164ns (76.611%))
  Logic Levels:           3  (LUT4=2 LUT5=1)
  Clock Path Skew:        -0.022ns (DCD - SCD + CPR)
    Destination Clock Delay (DCD):    5.007ns = ( 15.007 - 10.000 ) 
    Source Clock Delay      (SCD):    5.305ns
    Clock Pessimism Removal (CPR):    0.276ns
  Clock Uncertainty:      0.035ns  ((TSJ^2 + TIJ^2)^1/2 + DJ) / 2 + PE
    Total System Jitter     (TSJ):    0.071ns
    Total Input Jitter      (TIJ):    0.000ns
    Discrete Jitter          (DJ):    0.000ns
    Phase Error              (PE):    0.000ns

    Location             Delay type                Incr(ns)  Path(ns)    Netlist Resource(s)
  -------------------------------------------------------------------    -------------------
                         (clock sys_clk_pin rise edge)
                                                      0.000     0.000 r  
    E3                                                0.000     0.000 r  clk (IN)
                         net (fo=0)                   0.000     0.000    clk
    E3                   IBUF (Prop_ibuf_I_O)         1.482     1.482 r  clk_IBUF_inst/O
                         net (fo=1, routed)           2.025     3.506    clk_IBUF
    BUFGCTRL_X0Y16       BUFG (Prop_bufg_I_O)         0.096     3.602 r  clk_IBUF_BUFG_inst/O
                         net (fo=91, routed)          1.703     5.305    clk_IBUF_BUFG
    SLICE_X4Y136         FDCE                                         r  counter_1hz_reg[12]/C
  -------------------------------------------------------------------    -------------------
    SLICE_X4Y136         FDCE (Prop_fdce_C_Q)         0.419     5.724 r  counter_1hz_reg[12]/Q
                         net (fo=2, routed)           0.874     6.598    counter_1hz_reg_n_0_[12]
    SLICE_X4Y136         LUT4 (Prop_lut4_I2_O)        0.299     6.897 r  counter_1hz[26]_i_8/O
                         net (fo=1, routed)           0.440     7.337    counter_1hz[26]_i_8_n_0
    SLICE_X4Y135         LUT5 (Prop_lut5_I4_O)        0.124     7.461 r  counter_1hz[26]_i_3/O
                         net (fo=27, routed)          1.851     9.311    counter_1hz[26]_i_3_n_0
    SLICE_X4Y139         LUT4 (Prop_lut4_I1_O)        0.124     9.435 r  counter_1hz[21]_i_1/O
                         net (fo=1, routed)           0.000     9.435    counter_1hz[21]
    SLICE_X4Y139         FDCE                                         r  counter_1hz_reg[21]/D
  -------------------------------------------------------------------    -------------------

                         (clock sys_clk_pin rise edge)
                                                     10.000    10.000 r  
    E3                                                0.000    10.000 r  clk (IN)
                         net (fo=0)                   0.000    10.000    clk
    E3                   IBUF (Prop_ibuf_I_O)         1.411    11.411 r  clk_IBUF_inst/O
                         net (fo=1, routed)           1.920    13.331    clk_IBUF
    BUFGCTRL_X0Y16       BUFG (Prop_bufg_I_O)         0.091    13.422 r  clk_IBUF_BUFG_inst/O
                         net (fo=91, routed)          1.585    15.007    clk_IBUF_BUFG
    SLICE_X4Y139         FDCE                                         r  counter_1hz_reg[21]/C
                         clock pessimism              0.276    15.283    
                         clock uncertainty           -0.035    15.248    
    SLICE_X4Y139         FDCE (Setup_fdce_C_D)        0.029    15.277    counter_1hz_reg[21]
  -------------------------------------------------------------------
                         required time                         15.277    
                         arrival time                          -9.435    
  -------------------------------------------------------------------
                         slack                                  5.842    

Slack (MET) :             5.860ns  (required time - arrival time)
  Source:                 counter_1hz_reg[12]/C
                            (rising edge-triggered cell FDCE clocked by sys_clk_pin  {rise@0.000ns fall@5.000ns period=10.000ns})
  Destination:            counter_1hz_reg[23]/D
                            (rising edge-triggered cell FDCE clocked by sys_clk_pin  {rise@0.000ns fall@5.000ns period=10.000ns})
  Path Group:             sys_clk_pin
  Path Type:              Setup (Max at Slow Process Corner)
  Requirement:            10.000ns  (sys_clk_pin rise@10.000ns - sys_clk_pin rise@0.000ns)
  Data Path Delay:        4.158ns  (logic 0.994ns (23.905%)  route 3.164ns (76.095%))
  Logic Levels:           3  (LUT4=2 LUT5=1)
  Clock Path Skew:        -0.022ns (DCD - SCD + CPR)
    Destination Clock Delay (DCD):    5.007ns = ( 15.007 - 10.000 ) 
    Source Clock Delay      (SCD):    5.305ns
    Clock Pessimism Removal (CPR):    0.276ns
  Clock Uncertainty:      0.035ns  ((TSJ^2 + TIJ^2)^1/2 + DJ) / 2 + PE
    Total System Jitter     (TSJ):    0.071ns
    Total Input Jitter      (TIJ):    0.000ns
    Discrete Jitter          (DJ):    0.000ns
    Phase Error              (PE):    0.000ns

    Location             Delay type                Incr(ns)  Path(ns)    Netlist Resource(s)
  -------------------------------------------------------------------    -------------------
                         (clock sys_clk_pin rise edge)
                                                      0.000     0.000 r  
    E3                                                0.000     0.000 r  clk (IN)
                         net (fo=0)                   0.000     0.000    clk
    E3                   IBUF (Prop_ibuf_I_O)         1.482     1.482 r  clk_IBUF_inst/O
                         net (fo=1, routed)           2.025     3.506    clk_IBUF
    BUFGCTRL_X0Y16       BUFG (Prop_bufg_I_O)         0.096     3.602 r  clk_IBUF_BUFG_inst/O
                         net (fo=91, routed)          1.703     5.305    clk_IBUF_BUFG
    SLICE_X4Y136         FDCE                                         r  counter_1hz_reg[12]/C
  -------------------------------------------------------------------    -------------------
    SLICE_X4Y136         FDCE (Prop_fdce_C_Q)         0.419     5.724 r  counter_1hz_reg[12]/Q
                         net (fo=2, routed)           0.874     6.598    counter_1hz_reg_n_0_[12]
    SLICE_X4Y136         LUT4 (Prop_lut4_I2_O)        0.299     6.897 r  counter_1hz[26]_i_8/O
                         net (fo=1, routed)           0.440     7.337    counter_1hz[26]_i_8_n_0
    SLICE_X4Y135         LUT5 (Prop_lut5_I4_O)        0.124     7.461 r  counter_1hz[26]_i_3/O
                         net (fo=27, routed)          1.851     9.311    counter_1hz[26]_i_3_n_0
    SLICE_X4Y139         LUT4 (Prop_lut4_I1_O)        0.152     9.463 r  counter_1hz[23]_i_1/O
                         net (fo=1, routed)           0.000     9.463    counter_1hz[23]
    SLICE_X4Y139         FDCE                                         r  counter_1hz_reg[23]/D
  -------------------------------------------------------------------    -------------------

                         (clock sys_clk_pin rise edge)
                                                     10.000    10.000 r  
    E3                                                0.000    10.000 r  clk (IN)
                         net (fo=0)                   0.000    10.000    clk
    E3                   IBUF (Prop_ibuf_I_O)         1.411    11.411 r  clk_IBUF_inst/O
                         net (fo=1, routed)           1.920    13.331    clk_IBUF
    BUFGCTRL_X0Y16       BUFG (Prop_bufg_I_O)         0.091    13.422 r  clk_IBUF_BUFG_inst/O
                         net (fo=91, routed)          1.585    15.007    clk_IBUF_BUFG
    SLICE_X4Y139         FDCE                                         r  counter_1hz_reg[23]/C
                         clock pessimism              0.276    15.283    
                         clock uncertainty           -0.035    15.248    
    SLICE_X4Y139         FDCE (Setup_fdce_C_D)        0.075    15.323    counter_1hz_reg[23]
  -------------------------------------------------------------------
                         required time                         15.323    
                         arrival time                          -9.463    
  -------------------------------------------------------------------
                         slack                                  5.860    

Slack (MET) :             5.919ns  (required time - arrival time)
  Source:                 counter_1hz_reg[2]/C
                            (rising edge-triggered cell FDCE clocked by sys_clk_pin  {rise@0.000ns fall@5.000ns period=10.000ns})
  Destination:            counter_1hz_reg[22]/D
                            (rising edge-triggered cell FDCE clocked by sys_clk_pin  {rise@0.000ns fall@5.000ns period=10.000ns})
  Path Group:             sys_clk_pin
  Path Type:              Setup (Max at Slow Process Corner)
  Requirement:            10.000ns  (sys_clk_pin rise@10.000ns - sys_clk_pin rise@0.000ns)
  Data Path Delay:        4.057ns  (logic 2.223ns (54.793%)  route 1.834ns (45.207%))
  Logic Levels:           7  (CARRY4=6 LUT4=1)
  Clock Path Skew:        -0.020ns (DCD - SCD + CPR)
    Destination Clock Delay (DCD):    5.007ns = ( 15.007 - 10.000 ) 
    Source Clock Delay      (SCD):    5.303ns
    Clock Pessimism Removal (CPR):    0.276ns
  Clock Uncertainty:      0.035ns  ((TSJ^2 + TIJ^2)^1/2 + DJ) / 2 + PE
    Total System Jitter     (TSJ):    0.071ns
    Total Input Jitter      (TIJ):    0.000ns
    Discrete Jitter          (DJ):    0.000ns
    Phase Error              (PE):    0.000ns

    Location             Delay type                Incr(ns)  Path(ns)    Netlist Resource(s)
  -------------------------------------------------------------------    -------------------
                         (clock sys_clk_pin rise edge)
                                                      0.000     0.000 r  
    E3                                                0.000     0.000 r  clk (IN)
                         net (fo=0)                   0.000     0.000    clk
    E3                   IBUF (Prop_ibuf_I_O)         1.482     1.482 r  clk_IBUF_inst/O
                         net (fo=1, routed)           2.025     3.506    clk_IBUF
    BUFGCTRL_X0Y16       BUFG (Prop_bufg_I_O)         0.096     3.602 r  clk_IBUF_BUFG_inst/O
                         net (fo=91, routed)          1.701     5.303    clk_IBUF_BUFG
    SLICE_X4Y134         FDCE                                         r  counter_1hz_reg[2]/C
  -------------------------------------------------------------------    -------------------
    SLICE_X4Y134         FDCE (Prop_fdce_C_Q)         0.456     5.759 r  counter_1hz_reg[2]/Q
                         net (fo=2, routed)           0.732     6.492    counter_1hz_reg_n_0_[2]
    SLICE_X5Y134         CARRY4 (Prop_carry4_S[1]_CO[3])
                                                      0.674     7.166 r  counter_1hz_reg[4]_i_2/CO[3]
                         net (fo=1, routed)           0.000     7.166    counter_1hz_reg[4]_i_2_n_0
    SLICE_X5Y135         CARRY4 (Prop_carry4_CI_CO[3])
                                                      0.114     7.280 r  counter_1hz_reg[8]_i_2/CO[3]
                         net (fo=1, routed)           0.000     7.280    counter_1hz_reg[8]_i_2_n_0
    SLICE_X5Y136         CARRY4 (Prop_carry4_CI_CO[3])
                                                      0.114     7.394 r  counter_1hz_reg[12]_i_2/CO[3]
                         net (fo=1, routed)           0.000     7.394    counter_1hz_reg[12]_i_2_n_0
    SLICE_X5Y137         CARRY4 (Prop_carry4_CI_CO[3])
                                                      0.114     7.508 r  counter_1hz_reg[16]_i_2/CO[3]
                         net (fo=1, routed)           0.000     7.508    counter_1hz_reg[16]_i_2_n_0
    SLICE_X5Y138         CARRY4 (Prop_carry4_CI_CO[3])
                                                      0.114     7.622 r  counter_1hz_reg[20]_i_2/CO[3]
                         net (fo=1, routed)           0.000     7.622    counter_1hz_reg[20]_i_2_n_0
    SLICE_X5Y139         CARRY4 (Prop_carry4_CI_O[1])
                                                      0.334     7.956 r  counter_1hz_reg[24]_i_2/O[1]
                         net (fo=1, routed)           1.102     9.057    data0[22]
    SLICE_X4Y139         LUT4 (Prop_lut4_I3_O)        0.303     9.360 r  counter_1hz[22]_i_1/O
                         net (fo=1, routed)           0.000     9.360    counter_1hz[22]
    SLICE_X4Y139         FDCE                                         r  counter_1hz_reg[22]/D
  -------------------------------------------------------------------    -------------------

                         (clock sys_clk_pin rise edge)
                                                     10.000    10.000 r  
    E3                                                0.000    10.000 r  clk (IN)
                         net (fo=0)                   0.000    10.000    clk
    E3                   IBUF (Prop_ibuf_I_O)         1.411    11.411 r  clk_IBUF_inst/O
                         net (fo=1, routed)           1.920    13.331    clk_IBUF
    BUFGCTRL_X0Y16       BUFG (Prop_bufg_I_O)         0.091    13.422 r  clk_IBUF_BUFG_inst/O
                         net (fo=91, routed)          1.585    15.007    clk_IBUF_BUFG
    SLICE_X4Y139         FDCE                                         r  counter_1hz_reg[22]/C
                         clock pessimism              0.276    15.283    
                         clock uncertainty           -0.035    15.248    
    SLICE_X4Y139         FDCE (Setup_fdce_C_D)        0.031    15.279    counter_1hz_reg[22]
  -------------------------------------------------------------------
                         required time                         15.279    
                         arrival time                          -9.360    
  -------------------------------------------------------------------
                         slack                                  5.919    

Slack (MET) :             5.930ns  (required time - arrival time)
  Source:                 counter_1hz_reg[12]/C
                            (rising edge-triggered cell FDCE clocked by sys_clk_pin  {rise@0.000ns fall@5.000ns period=10.000ns})
  Destination:            counter_1hz_reg[17]/D
                            (rising edge-triggered cell FDCE clocked by sys_clk_pin  {rise@0.000ns fall@5.000ns period=10.000ns})
  Path Group:             sys_clk_pin
  Path Type:              Setup (Max at Slow Process Corner)
  Requirement:            10.000ns  (sys_clk_pin rise@10.000ns - sys_clk_pin rise@0.000ns)
  Data Path Delay:        4.041ns  (logic 0.966ns (23.908%)  route 3.075ns (76.092%))
  Logic Levels:           3  (LUT4=2 LUT5=1)
  Clock Path Skew:        -0.023ns (DCD - SCD + CPR)
    Destination Clock Delay (DCD):    5.006ns = ( 15.006 - 10.000 ) 
    Source Clock Delay      (SCD):    5.305ns
    Clock Pessimism Removal (CPR):    0.276ns
  Clock Uncertainty:      0.035ns  ((TSJ^2 + TIJ^2)^1/2 + DJ) / 2 + PE
    Total System Jitter     (TSJ):    0.071ns
    Total Input Jitter      (TIJ):    0.000ns
    Discrete Jitter          (DJ):    0.000ns
    Phase Error              (PE):    0.000ns

    Location             Delay type                Incr(ns)  Path(ns)    Netlist Resource(s)
  -------------------------------------------------------------------    -------------------
                         (clock sys_clk_pin rise edge)
                                                      0.000     0.000 r  
    E3                                                0.000     0.000 r  clk (IN)
                         net (fo=0)                   0.000     0.000    clk
    E3                   IBUF (Prop_ibuf_I_O)         1.482     1.482 r  clk_IBUF_inst/O
                         net (fo=1, routed)           2.025     3.506    clk_IBUF
    BUFGCTRL_X0Y16       BUFG (Prop_bufg_I_O)         0.096     3.602 r  clk_IBUF_BUFG_inst/O
                         net (fo=91, routed)          1.703     5.305    clk_IBUF_BUFG
    SLICE_X4Y136         FDCE                                         r  counter_1hz_reg[12]/C
  -------------------------------------------------------------------    -------------------
    SLICE_X4Y136         FDCE (Prop_fdce_C_Q)         0.419     5.724 r  counter_1hz_reg[12]/Q
                         net (fo=2, routed)           0.874     6.598    counter_1hz_reg_n_0_[12]
    SLICE_X4Y136         LUT4 (Prop_lut4_I2_O)        0.299     6.897 r  counter_1hz[26]_i_8/O
                         net (fo=1, routed)           0.440     7.337    counter_1hz[26]_i_8_n_0
    SLICE_X4Y135         LUT5 (Prop_lut5_I4_O)        0.124     7.461 r  counter_1hz[26]_i_3/O
                         net (fo=27, routed)          1.761     9.222    counter_1hz[26]_i_3_n_0
    SLICE_X4Y138         LUT4 (Prop_lut4_I1_O)        0.124     9.346 r  counter_1hz[17]_i_1/O
                         net (fo=1, routed)           0.000     9.346    counter_1hz[17]
    SLICE_X4Y138         FDCE                                         r  counter_1hz_reg[17]/D
  -------------------------------------------------------------------    -------------------

                         (clock sys_clk_pin rise edge)
                                                     10.000    10.000 r  
    E3                                                0.000    10.000 r  clk (IN)
                         net (fo=0)                   0.000    10.000    clk
    E3                   IBUF (Prop_ibuf_I_O)         1.411    11.411 r  clk_IBUF_inst/O
                         net (fo=1, routed)           1.920    13.331    clk_IBUF
    BUFGCTRL_X0Y16       BUFG (Prop_bufg_I_O)         0.091    13.422 r  clk_IBUF_BUFG_inst/O
                         net (fo=91, routed)          1.584    15.006    clk_IBUF_BUFG
    SLICE_X4Y138         FDCE                                         r  counter_1hz_reg[17]/C
                         clock pessimism              0.276    15.282    
                         clock uncertainty           -0.035    15.247    
    SLICE_X4Y138         FDCE (Setup_fdce_C_D)        0.029    15.276    counter_1hz_reg[17]
  -------------------------------------------------------------------
                         required time                         15.276    
                         arrival time                          -9.346    
  -------------------------------------------------------------------
                         slack                                  5.930    

Slack (MET) :             5.948ns  (required time - arrival time)
  Source:                 counter_1hz_reg[12]/C
                            (rising edge-triggered cell FDCE clocked by sys_clk_pin  {rise@0.000ns fall@5.000ns period=10.000ns})
  Destination:            counter_1hz_reg[19]/D
                            (rising edge-triggered cell FDCE clocked by sys_clk_pin  {rise@0.000ns fall@5.000ns period=10.000ns})
  Path Group:             sys_clk_pin
  Path Type:              Setup (Max at Slow Process Corner)
  Requirement:            10.000ns  (sys_clk_pin rise@10.000ns - sys_clk_pin rise@0.000ns)
  Data Path Delay:        4.069ns  (logic 0.994ns (24.431%)  route 3.075ns (75.569%))
  Logic Levels:           3  (LUT4=2 LUT5=1)
  Clock Path Skew:        -0.023ns (DCD - SCD + CPR)
    Destination Clock Delay (DCD):    5.006ns = ( 15.006 - 10.000 ) 
    Source Clock Delay      (SCD):    5.305ns
    Clock Pessimism Removal (CPR):    0.276ns
  Clock Uncertainty:      0.035ns  ((TSJ^2 + TIJ^2)^1/2 + DJ) / 2 + PE
    Total System Jitter     (TSJ):    0.071ns
    Total Input Jitter      (TIJ):    0.000ns
    Discrete Jitter          (DJ):    0.000ns
    Phase Error              (PE):    0.000ns

    Location             Delay type                Incr(ns)  Path(ns)    Netlist Resource(s)
  -------------------------------------------------------------------    -------------------
                         (clock sys_clk_pin rise edge)
                                                      0.000     0.000 r  
    E3                                                0.000     0.000 r  clk (IN)
                         net (fo=0)                   0.000     0.000    clk
    E3                   IBUF (Prop_ibuf_I_O)         1.482     1.482 r  clk_IBUF_inst/O
                         net (fo=1, routed)           2.025     3.506    clk_IBUF
    BUFGCTRL_X0Y16       BUFG (Prop_bufg_I_O)         0.096     3.602 r  clk_IBUF_BUFG_inst/O
                         net (fo=91, routed)          1.703     5.305    clk_IBUF_BUFG
    SLICE_X4Y136         FDCE                                         r  counter_1hz_reg[12]/C
  -------------------------------------------------------------------    -------------------
    SLICE_X4Y136         FDCE (Prop_fdce_C_Q)         0.419     5.724 r  counter_1hz_reg[12]/Q
                         net (fo=2, routed)           0.874     6.598    counter_1hz_reg_n_0_[12]
    SLICE_X4Y136         LUT4 (Prop_lut4_I2_O)        0.299     6.897 r  counter_1hz[26]_i_8/O
                         net (fo=1, routed)           0.440     7.337    counter_1hz[26]_i_8_n_0
    SLICE_X4Y135         LUT5 (Prop_lut5_I4_O)        0.124     7.461 r  counter_1hz[26]_i_3/O
                         net (fo=27, routed)          1.761     9.222    counter_1hz[26]_i_3_n_0
    SLICE_X4Y138         LUT4 (Prop_lut4_I1_O)        0.152     9.374 r  counter_1hz[19]_i_1/O
                         net (fo=1, routed)           0.000     9.374    counter_1hz[19]
    SLICE_X4Y138         FDCE                                         r  counter_1hz_reg[19]/D
  -------------------------------------------------------------------    -------------------

                         (clock sys_clk_pin rise edge)
                                                     10.000    10.000 r  
    E3                                                0.000    10.000 r  clk (IN)
                         net (fo=0)                   0.000    10.000    clk
    E3                   IBUF (Prop_ibuf_I_O)         1.411    11.411 r  clk_IBUF_inst/O
                         net (fo=1, routed)           1.920    13.331    clk_IBUF
    BUFGCTRL_X0Y16       BUFG (Prop_bufg_I_O)         0.091    13.422 r  clk_IBUF_BUFG_inst/O
                         net (fo=91, routed)          1.584    15.006    clk_IBUF_BUFG
    SLICE_X4Y138         FDCE                                         r  counter_1hz_reg[19]/C
                         clock pessimism              0.276    15.282    
                         clock uncertainty           -0.035    15.247    
    SLICE_X4Y138         FDCE (Setup_fdce_C_D)        0.075    15.322    counter_1hz_reg[19]
  -------------------------------------------------------------------
                         required time                         15.322    
                         arrival time                          -9.374    
  -------------------------------------------------------------------
                         slack                                  5.948    

Slack (MET) :             5.975ns  (required time - arrival time)
  Source:                 counter_1hz_reg[12]/C
                            (rising edge-triggered cell FDCE clocked by sys_clk_pin  {rise@0.000ns fall@5.000ns period=10.000ns})
  Destination:            one_sec_pulse_reg/D
                            (rising edge-triggered cell FDCE clocked by sys_clk_pin  {rise@0.000ns fall@5.000ns period=10.000ns})
  Path Group:             sys_clk_pin
  Path Type:              Setup (Max at Slow Process Corner)
  Requirement:            10.000ns  (sys_clk_pin rise@10.000ns - sys_clk_pin rise@0.000ns)
  Data Path Delay:        3.981ns  (logic 0.966ns (24.264%)  route 3.015ns (75.736%))
  Logic Levels:           3  (LUT3=1 LUT4=1 LUT5=1)
  Clock Path Skew:        -0.037ns (DCD - SCD + CPR)
    Destination Clock Delay (DCD):    5.009ns = ( 15.009 - 10.000 ) 
    Source Clock Delay      (SCD):    5.305ns
    Clock Pessimism Removal (CPR):    0.259ns
  Clock Uncertainty:      0.035ns  ((TSJ^2 + TIJ^2)^1/2 + DJ) / 2 + PE
    Total System Jitter     (TSJ):    0.071ns
    Total Input Jitter      (TIJ):    0.000ns
    Discrete Jitter          (DJ):    0.000ns
    Phase Error              (PE):    0.000ns

    Location             Delay type                Incr(ns)  Path(ns)    Netlist Resource(s)
  -------------------------------------------------------------------    -------------------
                         (clock sys_clk_pin rise edge)
                                                      0.000     0.000 r  
    E3                                                0.000     0.000 r  clk (IN)
                         net (fo=0)                   0.000     0.000    clk
    E3                   IBUF (Prop_ibuf_I_O)         1.482     1.482 r  clk_IBUF_inst/O
                         net (fo=1, routed)           2.025     3.506    clk_IBUF
    BUFGCTRL_X0Y16       BUFG (Prop_bufg_I_O)         0.096     3.602 r  clk_IBUF_BUFG_inst/O
                         net (fo=91, routed)          1.703     5.305    clk_IBUF_BUFG
    SLICE_X4Y136         FDCE                                         r  counter_1hz_reg[12]/C
  -------------------------------------------------------------------    -------------------
    SLICE_X4Y136         FDCE (Prop_fdce_C_Q)         0.419     5.724 f  counter_1hz_reg[12]/Q
                         net (fo=2, routed)           0.874     6.598    counter_1hz_reg_n_0_[12]
    SLICE_X4Y136         LUT4 (Prop_lut4_I2_O)        0.299     6.897 f  counter_1hz[26]_i_8/O
                         net (fo=1, routed)           0.440     7.337    counter_1hz[26]_i_8_n_0
    SLICE_X4Y135         LUT5 (Prop_lut5_I4_O)        0.124     7.461 f  counter_1hz[26]_i_3/O
                         net (fo=27, routed)          1.702     9.163    counter_1hz[26]_i_3_n_0
    SLICE_X3Y139         LUT3 (Prop_lut3_I1_O)        0.124     9.287 r  one_sec_pulse_i_1/O
                         net (fo=1, routed)           0.000     9.287    one_sec_pulse
    SLICE_X3Y139         FDCE                                         r  one_sec_pulse_reg/D
  -------------------------------------------------------------------    -------------------

                         (clock sys_clk_pin rise edge)
                                                     10.000    10.000 r  
    E3                                                0.000    10.000 r  clk (IN)
                         net (fo=0)                   0.000    10.000    clk
    E3                   IBUF (Prop_ibuf_I_O)         1.411    11.411 r  clk_IBUF_inst/O
                         net (fo=1, routed)           1.920    13.331    clk_IBUF
    BUFGCTRL_X0Y16       BUFG (Prop_bufg_I_O)         0.091    13.422 r  clk_IBUF_BUFG_inst/O
                         net (fo=91, routed)          1.587    15.009    clk_IBUF_BUFG
    SLICE_X3Y139         FDCE                                         r  one_sec_pulse_reg/C
                         clock pessimism              0.259    15.268    
                         clock uncertainty           -0.035    15.233    
    SLICE_X3Y139         FDCE (Setup_fdce_C_D)        0.029    15.262    one_sec_pulse_reg
  -------------------------------------------------------------------
                         required time                         15.262    
                         arrival time                          -9.287    
  -------------------------------------------------------------------
                         slack                                  5.975    

Slack (MET) :             5.983ns  (required time - arrival time)
  Source:                 seconds_reg[1]/C
                            (rising edge-triggered cell FDCE clocked by sys_clk_pin  {rise@0.000ns fall@5.000ns period=10.000ns})
  Destination:            seg_reg[3]/D
                            (rising edge-triggered cell FDRE clocked by sys_clk_pin  {rise@0.000ns fall@5.000ns period=10.000ns})
  Path Group:             sys_clk_pin
  Path Type:              Setup (Max at Slow Process Corner)
  Requirement:            10.000ns  (sys_clk_pin rise@10.000ns - sys_clk_pin rise@0.000ns)
  Data Path Delay:        4.031ns  (logic 1.257ns (31.181%)  route 2.774ns (68.819%))
  Logic Levels:           3  (LUT5=2 MUXF7=1)
  Clock Path Skew:        -0.025ns (DCD - SCD + CPR)
    Destination Clock Delay (DCD):    5.009ns = ( 15.009 - 10.000 ) 
    Source Clock Delay      (SCD):    5.309ns
    Clock Pessimism Removal (CPR):    0.275ns
  Clock Uncertainty:      0.035ns  ((TSJ^2 + TIJ^2)^1/2 + DJ) / 2 + PE
    Total System Jitter     (TSJ):    0.071ns
    Total Input Jitter      (TIJ):    0.000ns
    Discrete Jitter          (DJ):    0.000ns
    Phase Error              (PE):    0.000ns

    Location             Delay type                Incr(ns)  Path(ns)    Netlist Resource(s)
  -------------------------------------------------------------------    -------------------
                         (clock sys_clk_pin rise edge)
                                                      0.000     0.000 r  
    E3                                                0.000     0.000 r  clk (IN)
                         net (fo=0)                   0.000     0.000    clk
    E3                   IBUF (Prop_ibuf_I_O)         1.482     1.482 r  clk_IBUF_inst/O
                         net (fo=1, routed)           2.025     3.506    clk_IBUF
    BUFGCTRL_X0Y16       BUFG (Prop_bufg_I_O)         0.096     3.602 r  clk_IBUF_BUFG_inst/O
                         net (fo=91, routed)          1.707     5.309    clk_IBUF_BUFG
    SLICE_X1Y140         FDCE                                         r  seconds_reg[1]/C
  -------------------------------------------------------------------    -------------------
    SLICE_X1Y140         FDCE (Prop_fdce_C_Q)         0.419     5.728 r  seconds_reg[1]/Q
                         net (fo=13, routed)          1.458     7.186    seconds_reg_n_0_[1]
    SLICE_X1Y149         LUT5 (Prop_lut5_I0_O)        0.299     7.485 r  seg[3]_i_6/O
                         net (fo=1, routed)           0.000     7.485    seg[3]_i_6_n_0
    SLICE_X1Y149         MUXF7 (Prop_muxf7_I0_O)      0.212     7.697 r  seg_reg[3]_i_3/O
                         net (fo=2, routed)           1.316     9.014    seg_reg[3]_i_3_n_0
    SLICE_X0Y139         LUT5 (Prop_lut5_I0_O)        0.327     9.341 r  seg[3]_i_2/O
                         net (fo=1, routed)           0.000     9.341    seg_next[3]
    SLICE_X0Y139         FDRE                                         r  seg_reg[3]/D
  -------------------------------------------------------------------    -------------------

                         (clock sys_clk_pin rise edge)
                                                     10.000    10.000 r  
    E3                                                0.000    10.000 r  clk (IN)
                         net (fo=0)                   0.000    10.000    clk
    E3                   IBUF (Prop_ibuf_I_O)         1.411    11.411 r  clk_IBUF_inst/O
                         net (fo=1, routed)           1.920    13.331    clk_IBUF
    BUFGCTRL_X0Y16       BUFG (Prop_bufg_I_O)         0.091    13.422 r  clk_IBUF_BUFG_inst/O
                         net (fo=91, routed)          1.587    15.009    clk_IBUF_BUFG
    SLICE_X0Y139         FDRE                                         r  seg_reg[3]/C
                         clock pessimism              0.275    15.284    
                         clock uncertainty           -0.035    15.249    
    SLICE_X0Y139         FDRE (Setup_fdre_C_D)        0.075    15.324    seg_reg[3]
  -------------------------------------------------------------------
                         required time                         15.324    
                         arrival time                          -9.341    
  -------------------------------------------------------------------
                         slack                                  5.983    

Slack (MET) :             6.039ns  (required time - arrival time)
  Source:                 counter_1hz_reg[2]/C
                            (rising edge-triggered cell FDCE clocked by sys_clk_pin  {rise@0.000ns fall@5.000ns period=10.000ns})
  Destination:            counter_1hz_reg[18]/D
                            (rising edge-triggered cell FDCE clocked by sys_clk_pin  {rise@0.000ns fall@5.000ns period=10.000ns})
  Path Group:             sys_clk_pin
  Path Type:              Setup (Max at Slow Process Corner)
  Requirement:            10.000ns  (sys_clk_pin rise@10.000ns - sys_clk_pin rise@0.000ns)
  Data Path Delay:        3.935ns  (logic 2.109ns (53.594%)  route 1.826ns (46.406%))
  Logic Levels:           6  (CARRY4=5 LUT4=1)
  Clock Path Skew:        -0.021ns (DCD - SCD + CPR)
    Destination Clock Delay (DCD):    5.006ns = ( 15.006 - 10.000 ) 
    Source Clock Delay      (SCD):    5.303ns
    Clock Pessimism Removal (CPR):    0.276ns
  Clock Uncertainty:      0.035ns  ((TSJ^2 + TIJ^2)^1/2 + DJ) / 2 + PE
    Total System Jitter     (TSJ):    0.071ns
    Total Input Jitter      (TIJ):    0.000ns
    Discrete Jitter          (DJ):    0.000ns
    Phase Error              (PE):    0.000ns

    Location             Delay type                Incr(ns)  Path(ns)    Netlist Resource(s)
  -------------------------------------------------------------------    -------------------
                         (clock sys_clk_pin rise edge)
                                                      0.000     0.000 r  
    E3                                                0.000     0.000 r  clk (IN)
                         net (fo=0)                   0.000     0.000    clk
    E3                   IBUF (Prop_ibuf_I_O)         1.482     1.482 r  clk_IBUF_inst/O
                         net (fo=1, routed)           2.025     3.506    clk_IBUF
    BUFGCTRL_X0Y16       BUFG (Prop_bufg_I_O)         0.096     3.602 r  clk_IBUF_BUFG_inst/O
                         net (fo=91, routed)          1.701     5.303    clk_IBUF_BUFG
    SLICE_X4Y134         FDCE                                         r  counter_1hz_reg[2]/C
  -------------------------------------------------------------------    -------------------
    SLICE_X4Y134         FDCE (Prop_fdce_C_Q)         0.456     5.759 r  counter_1hz_reg[2]/Q
                         net (fo=2, routed)           0.732     6.492    counter_1hz_reg_n_0_[2]
    SLICE_X5Y134         CARRY4 (Prop_carry4_S[1]_CO[3])
                                                      0.674     7.166 r  counter_1hz_reg[4]_i_2/CO[3]
                         net (fo=1, routed)           0.000     7.166    counter_1hz_reg[4]_i_2_n_0
    SLICE_X5Y135         CARRY4 (Prop_carry4_CI_CO[3])
                                                      0.114     7.280 r  counter_1hz_reg[8]_i_2/CO[3]
                         net (fo=1, routed)           0.000     7.280    counter_1hz_reg[8]_i_2_n_0
    SLICE_X5Y136         CARRY4 (Prop_carry4_CI_CO[3])
                                                      0.114     7.394 r  counter_1hz_reg[12]_i_2/CO[3]
                         net (fo=1, routed)           0.000     7.394    counter_1hz_reg[12]_i_2_n_0
    SLICE_X5Y137         CARRY4 (Prop_carry4_CI_CO[3])
                                                      0.114     7.508 r  counter_1hz_reg[16]_i_2/CO[3]
                         net (fo=1, routed)           0.000     7.508    counter_1hz_reg[16]_i_2_n_0
    SLICE_X5Y138         CARRY4 (Prop_carry4_CI_O[1])
                                                      0.334     7.842 r  counter_1hz_reg[20]_i_2/O[1]
                         net (fo=1, routed)           1.094     8.935    data0[18]
    SLICE_X4Y138         LUT4 (Prop_lut4_I3_O)        0.303     9.238 r  counter_1hz[18]_i_1/O
                         net (fo=1, routed)           0.000     9.238    counter_1hz[18]
    SLICE_X4Y138         FDCE                                         r  counter_1hz_reg[18]/D
  -------------------------------------------------------------------    -------------------

                         (clock sys_clk_pin rise edge)
                                                     10.000    10.000 r  
    E3                                                0.000    10.000 r  clk (IN)
                         net (fo=0)                   0.000    10.000    clk
    E3                   IBUF (Prop_ibuf_I_O)         1.411    11.411 r  clk_IBUF_inst/O
                         net (fo=1, routed)           1.920    13.331    clk_IBUF
    BUFGCTRL_X0Y16       BUFG (Prop_bufg_I_O)         0.091    13.422 r  clk_IBUF_BUFG_inst/O
                         net (fo=91, routed)          1.584    15.006    clk_IBUF_BUFG
    SLICE_X4Y138         FDCE                                         r  counter_1hz_reg[18]/C
                         clock pessimism              0.276    15.282    
                         clock uncertainty           -0.035    15.247    
    SLICE_X4Y138         FDCE (Setup_fdce_C_D)        0.031    15.278    counter_1hz_reg[18]
  -------------------------------------------------------------------
                         required time                         15.278    
                         arrival time                          -9.238    
  -------------------------------------------------------------------
                         slack                                  6.039    

Slack (MET) :             6.127ns  (required time - arrival time)
  Source:                 counter_1hz_reg[12]/C
                            (rising edge-triggered cell FDCE clocked by sys_clk_pin  {rise@0.000ns fall@5.000ns period=10.000ns})
  Destination:            counter_1hz_reg[25]/D
                            (rising edge-triggered cell FDCE clocked by sys_clk_pin  {rise@0.000ns fall@5.000ns period=10.000ns})
  Path Group:             sys_clk_pin
  Path Type:              Setup (Max at Slow Process Corner)
  Requirement:            10.000ns  (sys_clk_pin rise@10.000ns - sys_clk_pin rise@0.000ns)
  Data Path Delay:        3.847ns  (logic 0.966ns (25.113%)  route 2.881ns (74.887%))
  Logic Levels:           3  (LUT4=2 LUT5=1)
  Clock Path Skew:        -0.022ns (DCD - SCD + CPR)
    Destination Clock Delay (DCD):    5.007ns = ( 15.007 - 10.000 ) 
    Source Clock Delay      (SCD):    5.305ns
    Clock Pessimism Removal (CPR):    0.276ns
  Clock Uncertainty:      0.035ns  ((TSJ^2 + TIJ^2)^1/2 + DJ) / 2 + PE
    Total System Jitter     (TSJ):    0.071ns
    Total Input Jitter      (TIJ):    0.000ns
    Discrete Jitter          (DJ):    0.000ns
    Phase Error              (PE):    0.000ns

    Location             Delay type                Incr(ns)  Path(ns)    Netlist Resource(s)
  -------------------------------------------------------------------    -------------------
                         (clock sys_clk_pin rise edge)
                                                      0.000     0.000 r  
    E3                                                0.000     0.000 r  clk (IN)
                         net (fo=0)                   0.000     0.000    clk
    E3                   IBUF (Prop_ibuf_I_O)         1.482     1.482 r  clk_IBUF_inst/O
                         net (fo=1, routed)           2.025     3.506    clk_IBUF
    BUFGCTRL_X0Y16       BUFG (Prop_bufg_I_O)         0.096     3.602 r  clk_IBUF_BUFG_inst/O
                         net (fo=91, routed)          1.703     5.305    clk_IBUF_BUFG
    SLICE_X4Y136         FDCE                                         r  counter_1hz_reg[12]/C
  -------------------------------------------------------------------    -------------------
    SLICE_X4Y136         FDCE (Prop_fdce_C_Q)         0.419     5.724 r  counter_1hz_reg[12]/Q
                         net (fo=2, routed)           0.874     6.598    counter_1hz_reg_n_0_[12]
    SLICE_X4Y136         LUT4 (Prop_lut4_I2_O)        0.299     6.897 r  counter_1hz[26]_i_8/O
                         net (fo=1, routed)           0.440     7.337    counter_1hz[26]_i_8_n_0
    SLICE_X4Y135         LUT5 (Prop_lut5_I4_O)        0.124     7.461 r  counter_1hz[26]_i_3/O
                         net (fo=27, routed)          1.567     9.028    counter_1hz[26]_i_3_n_0
    SLICE_X4Y139         LUT4 (Prop_lut4_I1_O)        0.124     9.152 r  counter_1hz[25]_i_1/O
                         net (fo=1, routed)           0.000     9.152    counter_1hz[25]
    SLICE_X4Y139         FDCE                                         r  counter_1hz_reg[25]/D
  -------------------------------------------------------------------    -------------------

                         (clock sys_clk_pin rise edge)
                                                     10.000    10.000 r  
    E3                                                0.000    10.000 r  clk (IN)
                         net (fo=0)                   0.000    10.000    clk
    E3                   IBUF (Prop_ibuf_I_O)         1.411    11.411 r  clk_IBUF_inst/O
                         net (fo=1, routed)           1.920    13.331    clk_IBUF
    BUFGCTRL_X0Y16       BUFG (Prop_bufg_I_O)         0.091    13.422 r  clk_IBUF_BUFG_inst/O
                         net (fo=91, routed)          1.585    15.007    clk_IBUF_BUFG
    SLICE_X4Y139         FDCE                                         r  counter_1hz_reg[25]/C
                         clock pessimism              0.276    15.283    
                         clock uncertainty           -0.035    15.248    
    SLICE_X4Y139         FDCE (Setup_fdce_C_D)        0.031    15.279    counter_1hz_reg[25]
  -------------------------------------------------------------------
                         required time                         15.279    
                         arrival time                          -9.152    
  -------------------------------------------------------------------
                         slack                                  6.127    

Slack (MET) :             6.141ns  (required time - arrival time)
  Source:                 counter_1hz_reg[12]/C
                            (rising edge-triggered cell FDCE clocked by sys_clk_pin  {rise@0.000ns fall@5.000ns period=10.000ns})
  Destination:            counter_1hz_reg[26]/D
                            (rising edge-triggered cell FDCE clocked by sys_clk_pin  {rise@0.000ns fall@5.000ns period=10.000ns})
  Path Group:             sys_clk_pin
  Path Type:              Setup (Max at Slow Process Corner)
  Requirement:            10.000ns  (sys_clk_pin rise@10.000ns - sys_clk_pin rise@0.000ns)
  Data Path Delay:        3.877ns  (logic 0.996ns (25.693%)  route 2.881ns (74.307%))
  Logic Levels:           3  (LUT4=2 LUT5=1)
  Clock Path Skew:        -0.022ns (DCD - SCD + CPR)
    Destination Clock Delay (DCD):    5.007ns = ( 15.007 - 10.000 ) 
    Source Clock Delay      (SCD):    5.305ns
    Clock Pessimism Removal (CPR):    0.276ns
  Clock Uncertainty:      0.035ns  ((TSJ^2 + TIJ^2)^1/2 + DJ) / 2 + PE
    Total System Jitter     (TSJ):    0.071ns
    Total Input Jitter      (TIJ):    0.000ns
    Discrete Jitter          (DJ):    0.000ns
    Phase Error              (PE):    0.000ns

    Location             Delay type                Incr(ns)  Path(ns)    Netlist Resource(s)
  -------------------------------------------------------------------    -------------------
                         (clock sys_clk_pin rise edge)
                                                      0.000     0.000 r  
    E3                                                0.000     0.000 r  clk (IN)
                         net (fo=0)                   0.000     0.000    clk
    E3                   IBUF (Prop_ibuf_I_O)         1.482     1.482 r  clk_IBUF_inst/O
                         net (fo=1, routed)           2.025     3.506    clk_IBUF
    BUFGCTRL_X0Y16       BUFG (Prop_bufg_I_O)         0.096     3.602 r  clk_IBUF_BUFG_inst/O
                         net (fo=91, routed)          1.703     5.305    clk_IBUF_BUFG
    SLICE_X4Y136         FDCE                                         r  counter_1hz_reg[12]/C
  -------------------------------------------------------------------    -------------------
    SLICE_X4Y136         FDCE (Prop_fdce_C_Q)         0.419     5.724 r  counter_1hz_reg[12]/Q
                         net (fo=2, routed)           0.874     6.598    counter_1hz_reg_n_0_[12]
    SLICE_X4Y136         LUT4 (Prop_lut4_I2_O)        0.299     6.897 r  counter_1hz[26]_i_8/O
                         net (fo=1, routed)           0.440     7.337    counter_1hz[26]_i_8_n_0
    SLICE_X4Y135         LUT5 (Prop_lut5_I4_O)        0.124     7.461 r  counter_1hz[26]_i_3/O
                         net (fo=27, routed)          1.567     9.028    counter_1hz[26]_i_3_n_0
    SLICE_X4Y139         LUT4 (Prop_lut4_I1_O)        0.154     9.182 r  counter_1hz[26]_i_1/O
                         net (fo=1, routed)           0.000     9.182    counter_1hz[26]
    SLICE_X4Y139         FDCE                                         r  counter_1hz_reg[26]/D
  -------------------------------------------------------------------    -------------------

                         (clock sys_clk_pin rise edge)
                                                     10.000    10.000 r  
    E3                                                0.000    10.000 r  clk (IN)
                         net (fo=0)                   0.000    10.000    clk
    E3                   IBUF (Prop_ibuf_I_O)         1.411    11.411 r  clk_IBUF_inst/O
                         net (fo=1, routed)           1.920    13.331    clk_IBUF
    BUFGCTRL_X0Y16       BUFG (Prop_bufg_I_O)         0.091    13.422 r  clk_IBUF_BUFG_inst/O
                         net (fo=91, routed)          1.585    15.007    clk_IBUF_BUFG
    SLICE_X4Y139         FDCE                                         r  counter_1hz_reg[26]/C
                         clock pessimism              0.276    15.283    
                         clock uncertainty           -0.035    15.248    
    SLICE_X4Y139         FDCE (Setup_fdce_C_D)        0.075    15.323    counter_1hz_reg[26]
  -------------------------------------------------------------------
                         required time                         15.323    
                         arrival time                          -9.182    
  -------------------------------------------------------------------
                         slack                                  6.141    





Min Delay Paths
--------------------------------------------------------------------------------------
Slack (MET) :             0.116ns  (arrival time - required time)
  Source:                 minutes_reg[0]/C
                            (rising edge-triggered cell FDCE clocked by sys_clk_pin  {rise@0.000ns fall@5.000ns period=10.000ns})
  Destination:            minutes_reg[4]/D
                            (rising edge-triggered cell FDCE clocked by sys_clk_pin  {rise@0.000ns fall@5.000ns period=10.000ns})
  Path Group:             sys_clk_pin
  Path Type:              Hold (Min at Fast Process Corner)
  Requirement:            0.000ns  (sys_clk_pin rise@0.000ns - sys_clk_pin rise@0.000ns)
  Data Path Delay:        0.423ns  (logic 0.209ns (49.463%)  route 0.214ns (50.537%))
  Logic Levels:           1  (LUT6=1)
  Clock Path Skew:        0.185ns (DCD - SCD - CPR)
    Destination Clock Delay (DCD):    2.037ns
    Source Clock Delay      (SCD):    1.601ns
    Clock Pessimism Removal (CPR):    0.250ns

    Location             Delay type                Incr(ns)  Path(ns)    Netlist Resource(s)
  -------------------------------------------------------------------    -------------------
                         (clock sys_clk_pin rise edge)
                                                      0.000     0.000 r  
    E3                                                0.000     0.000 r  clk (IN)
                         net (fo=0)                   0.000     0.000    clk
    E3                   IBUF (Prop_ibuf_I_O)         0.250     0.250 r  clk_IBUF_inst/O
                         net (fo=1, routed)           0.644     0.894    clk_IBUF
    BUFGCTRL_X0Y16       BUFG (Prop_bufg_I_O)         0.026     0.920 r  clk_IBUF_BUFG_inst/O
                         net (fo=91, routed)          0.681     1.601    clk_IBUF_BUFG
    SLICE_X2Y151         FDCE                                         r  minutes_reg[0]/C
  -------------------------------------------------------------------    -------------------
    SLICE_X2Y151         FDCE (Prop_fdce_C_Q)         0.164     1.765 r  minutes_reg[0]/Q
                         net (fo=10, routed)          0.214     1.978    minutes_reg_n_0_[0]
    SLICE_X2Y149         LUT6 (Prop_lut6_I4_O)        0.045     2.023 r  minutes[4]_i_1/O
                         net (fo=1, routed)           0.000     2.023    minutes[4]
    SLICE_X2Y149         FDCE                                         r  minutes_reg[4]/D
  -------------------------------------------------------------------    -------------------

                         (clock sys_clk_pin rise edge)
                                                      0.000     0.000 r  
    E3                                                0.000     0.000 r  clk (IN)
                         net (fo=0)                   0.000     0.000    clk
    E3                   IBUF (Prop_ibuf_I_O)         0.438     0.438 r  clk_IBUF_inst/O
                         net (fo=1, routed)           0.699     1.136    clk_IBUF
    BUFGCTRL_X0Y16       BUFG (Prop_bufg_I_O)         0.029     1.165 r  clk_IBUF_BUFG_inst/O
                         net (fo=91, routed)          0.872     2.037    clk_IBUF_BUFG
    SLICE_X2Y149         FDCE                                         r  minutes_reg[4]/C
                         clock pessimism             -0.250     1.786    
    SLICE_X2Y149         FDCE (Hold_fdce_C_D)         0.121     1.907    minutes_reg[4]
  -------------------------------------------------------------------
                         required time                         -1.907    
                         arrival time                           2.023    
  -------------------------------------------------------------------
                         slack                                  0.116    

Slack (MET) :             0.147ns  (arrival time - required time)
  Source:                 seconds_reg[4]/C
                            (rising edge-triggered cell FDCE clocked by sys_clk_pin  {rise@0.000ns fall@5.000ns period=10.000ns})
  Destination:            seg_reg[1]/D
                            (rising edge-triggered cell FDRE clocked by sys_clk_pin  {rise@0.000ns fall@5.000ns period=10.000ns})
  Path Group:             sys_clk_pin
  Path Type:              Hold (Min at Fast Process Corner)
  Requirement:            0.000ns  (sys_clk_pin rise@0.000ns - sys_clk_pin rise@0.000ns)
  Data Path Delay:        0.608ns  (logic 0.280ns (46.027%)  route 0.328ns (53.973%))
  Logic Levels:           3  (LUT6=1 MUXF7=1 MUXF8=1)
  Clock Path Skew:        0.356ns (DCD - SCD - CPR)
    Destination Clock Delay (DCD):    2.123ns
    Source Clock Delay      (SCD):    1.516ns
    Clock Pessimism Removal (CPR):    0.250ns

    Location             Delay type                Incr(ns)  Path(ns)    Netlist Resource(s)
  -------------------------------------------------------------------    -------------------
                         (clock sys_clk_pin rise edge)
                                                      0.000     0.000 r  
    E3                                                0.000     0.000 r  clk (IN)
                         net (fo=0)                   0.000     0.000    clk
    E3                   IBUF (Prop_ibuf_I_O)         0.250     0.250 r  clk_IBUF_inst/O
                         net (fo=1, routed)           0.644     0.894    clk_IBUF
    BUFGCTRL_X0Y16       BUFG (Prop_bufg_I_O)         0.026     0.920 r  clk_IBUF_BUFG_inst/O
                         net (fo=91, routed)          0.597     1.516    clk_IBUF_BUFG
    SLICE_X1Y140         FDCE                                         r  seconds_reg[4]/C
  -------------------------------------------------------------------    -------------------
    SLICE_X1Y140         FDCE (Prop_fdce_C_Q)         0.141     1.657 r  seconds_reg[4]/Q
                         net (fo=12, routed)          0.328     1.986    seconds_reg_n_0_[4]
    SLICE_X0Y150         LUT6 (Prop_lut6_I3_O)        0.045     2.031 r  seg[1]_i_4/O
                         net (fo=1, routed)           0.000     2.031    seg[1]_i_4_n_0
    SLICE_X0Y150         MUXF7 (Prop_muxf7_I0_O)      0.071     2.102 r  seg_reg[1]_i_2/O
                         net (fo=1, routed)           0.000     2.102    seg_reg[1]_i_2_n_0
    SLICE_X0Y150         MUXF8 (Prop_muxf8_I0_O)      0.023     2.125 r  seg_reg[1]_i_1/O
                         net (fo=1, routed)           0.000     2.125    seg_next[1]
    SLICE_X0Y150         FDRE                                         r  seg_reg[1]/D
  -------------------------------------------------------------------    -------------------

                         (clock sys_clk_pin rise edge)
                                                      0.000     0.000 r  
    E3                                                0.000     0.000 r  clk (IN)
                         net (fo=0)                   0.000     0.000    clk
    E3                   IBUF (Prop_ibuf_I_O)         0.438     0.438 r  clk_IBUF_inst/O
                         net (fo=1, routed)           0.699     1.136    clk_IBUF
    BUFGCTRL_X0Y16       BUFG (Prop_bufg_I_O)         0.029     1.165 r  clk_IBUF_BUFG_inst/O
                         net (fo=91, routed)          0.958     2.123    clk_IBUF_BUFG
    SLICE_X0Y150         FDRE                                         r  seg_reg[1]/C
                         clock pessimism             -0.250     1.873    
    SLICE_X0Y150         FDRE (Hold_fdre_C_D)         0.105     1.978    seg_reg[1]
  -------------------------------------------------------------------
                         required time                         -1.978    
                         arrival time                           2.125    
  -------------------------------------------------------------------
                         slack                                  0.147    

Slack (MET) :             0.174ns  (arrival time - required time)
  Source:                 minutes_reg[0]/C
                            (rising edge-triggered cell FDCE clocked by sys_clk_pin  {rise@0.000ns fall@5.000ns period=10.000ns})
  Destination:            minutes_reg[3]/D
                            (rising edge-triggered cell FDCE clocked by sys_clk_pin  {rise@0.000ns fall@5.000ns period=10.000ns})
  Path Group:             sys_clk_pin
  Path Type:              Hold (Min at Fast Process Corner)
  Requirement:            0.000ns  (sys_clk_pin rise@0.000ns - sys_clk_pin rise@0.000ns)
  Data Path Delay:        0.479ns  (logic 0.209ns (43.631%)  route 0.270ns (56.369%))
  Logic Levels:           1  (LUT6=1)
  Clock Path Skew:        0.185ns (DCD - SCD - CPR)
    Destination Clock Delay (DCD):    2.037ns
    Source Clock Delay      (SCD):    1.601ns
    Clock Pessimism Removal (CPR):    0.250ns

    Location             Delay type                Incr(ns)  Path(ns)    Netlist Resource(s)
  -------------------------------------------------------------------    -------------------
                         (clock sys_clk_pin rise edge)
                                                      0.000     0.000 r  
    E3                                                0.000     0.000 r  clk (IN)
                         net (fo=0)                   0.000     0.000    clk
    E3                   IBUF (Prop_ibuf_I_O)         0.250     0.250 r  clk_IBUF_inst/O
                         net (fo=1, routed)           0.644     0.894    clk_IBUF
    BUFGCTRL_X0Y16       BUFG (Prop_bufg_I_O)         0.026     0.920 r  clk_IBUF_BUFG_inst/O
                         net (fo=91, routed)          0.681     1.601    clk_IBUF_BUFG
    SLICE_X2Y151         FDCE                                         r  minutes_reg[0]/C
  -------------------------------------------------------------------    -------------------
    SLICE_X2Y151         FDCE (Prop_fdce_C_Q)         0.164     1.765 r  minutes_reg[0]/Q
                         net (fo=10, routed)          0.270     2.035    minutes_reg_n_0_[0]
    SLICE_X2Y149         LUT6 (Prop_lut6_I4_O)        0.045     2.080 r  minutes[3]_i_1/O
                         net (fo=1, routed)           0.000     2.080    minutes[3]
    SLICE_X2Y149         FDCE                                         r  minutes_reg[3]/D
  -------------------------------------------------------------------    -------------------

                         (clock sys_clk_pin rise edge)
                                                      0.000     0.000 r  
    E3                                                0.000     0.000 r  clk (IN)
                         net (fo=0)                   0.000     0.000    clk
    E3                   IBUF (Prop_ibuf_I_O)         0.438     0.438 r  clk_IBUF_inst/O
                         net (fo=1, routed)           0.699     1.136    clk_IBUF
    BUFGCTRL_X0Y16       BUFG (Prop_bufg_I_O)         0.029     1.165 r  clk_IBUF_BUFG_inst/O
                         net (fo=91, routed)          0.872     2.037    clk_IBUF_BUFG
    SLICE_X2Y149         FDCE                                         r  minutes_reg[3]/C
                         clock pessimism             -0.250     1.786    
    SLICE_X2Y149         FDCE (Hold_fdce_C_D)         0.120     1.906    minutes_reg[3]
  -------------------------------------------------------------------
                         required time                         -1.906    
                         arrival time                           2.080    
  -------------------------------------------------------------------
                         slack                                  0.174    

Slack (MET) :             0.175ns  (arrival time - required time)
  Source:                 minutes_reg[1]/C
                            (rising edge-triggered cell FDCE clocked by sys_clk_pin  {rise@0.000ns fall@5.000ns period=10.000ns})
  Destination:            minutes_reg[2]/D
                            (rising edge-triggered cell FDCE clocked by sys_clk_pin  {rise@0.000ns fall@5.000ns period=10.000ns})
  Path Group:             sys_clk_pin
  Path Type:              Hold (Min at Fast Process Corner)
  Requirement:            0.000ns  (sys_clk_pin rise@0.000ns - sys_clk_pin rise@0.000ns)
  Data Path Delay:        0.482ns  (logic 0.246ns (51.082%)  route 0.236ns (48.918%))
  Logic Levels:           1  (LUT6=1)
  Clock Path Skew:        0.185ns (DCD - SCD - CPR)
    Destination Clock Delay (DCD):    2.037ns
    Source Clock Delay      (SCD):    1.601ns
    Clock Pessimism Removal (CPR):    0.250ns

    Location             Delay type                Incr(ns)  Path(ns)    Netlist Resource(s)
  -------------------------------------------------------------------    -------------------
                         (clock sys_clk_pin rise edge)
                                                      0.000     0.000 r  
    E3                                                0.000     0.000 r  clk (IN)
                         net (fo=0)                   0.000     0.000    clk
    E3                   IBUF (Prop_ibuf_I_O)         0.250     0.250 r  clk_IBUF_inst/O
                         net (fo=1, routed)           0.644     0.894    clk_IBUF
    BUFGCTRL_X0Y16       BUFG (Prop_bufg_I_O)         0.026     0.920 r  clk_IBUF_BUFG_inst/O
                         net (fo=91, routed)          0.681     1.601    clk_IBUF_BUFG
    SLICE_X2Y151         FDCE                                         r  minutes_reg[1]/C
  -------------------------------------------------------------------    -------------------
    SLICE_X2Y151         FDCE (Prop_fdce_C_Q)         0.148     1.749 r  minutes_reg[1]/Q
                         net (fo=12, routed)          0.236     1.984    minutes_reg_n_0_[1]
    SLICE_X2Y149         LUT6 (Prop_lut6_I3_O)        0.098     2.082 r  minutes[2]_i_1/O
                         net (fo=1, routed)           0.000     2.082    minutes[2]
    SLICE_X2Y149         FDCE                                         r  minutes_reg[2]/D
  -------------------------------------------------------------------    -------------------

                         (clock sys_clk_pin rise edge)
                                                      0.000     0.000 r  
    E3                                                0.000     0.000 r  clk (IN)
                         net (fo=0)                   0.000     0.000    clk
    E3                   IBUF (Prop_ibuf_I_O)         0.438     0.438 r  clk_IBUF_inst/O
                         net (fo=1, routed)           0.699     1.136    clk_IBUF
    BUFGCTRL_X0Y16       BUFG (Prop_bufg_I_O)         0.029     1.165 r  clk_IBUF_BUFG_inst/O
                         net (fo=91, routed)          0.872     2.037    clk_IBUF_BUFG
    SLICE_X2Y149         FDCE                                         r  minutes_reg[2]/C
                         clock pessimism             -0.250     1.786    
    SLICE_X2Y149         FDCE (Hold_fdce_C_D)         0.121     1.907    minutes_reg[2]
  -------------------------------------------------------------------
                         required time                         -1.907    
                         arrival time                           2.082    
  -------------------------------------------------------------------
                         slack                                  0.175    

Slack (MET) :             0.191ns  (arrival time - required time)
  Source:                 minutes_reg[1]/C
                            (rising edge-triggered cell FDCE clocked by sys_clk_pin  {rise@0.000ns fall@5.000ns period=10.000ns})
  Destination:            minutes_reg[5]/D
                            (rising edge-triggered cell FDCE clocked by sys_clk_pin  {rise@0.000ns fall@5.000ns period=10.000ns})
  Path Group:             sys_clk_pin
  Path Type:              Hold (Min at Fast Process Corner)
  Requirement:            0.000ns  (sys_clk_pin rise@0.000ns - sys_clk_pin rise@0.000ns)
  Data Path Delay:        0.498ns  (logic 0.246ns (49.440%)  route 0.252ns (50.560%))
  Logic Levels:           1  (LUT6=1)
  Clock Path Skew:        0.185ns (DCD - SCD - CPR)
    Destination Clock Delay (DCD):    2.037ns
    Source Clock Delay      (SCD):    1.601ns
    Clock Pessimism Removal (CPR):    0.250ns

    Location             Delay type                Incr(ns)  Path(ns)    Netlist Resource(s)
  -------------------------------------------------------------------    -------------------
                         (clock sys_clk_pin rise edge)
                                                      0.000     0.000 r  
    E3                                                0.000     0.000 r  clk (IN)
                         net (fo=0)                   0.000     0.000    clk
    E3                   IBUF (Prop_ibuf_I_O)         0.250     0.250 r  clk_IBUF_inst/O
                         net (fo=1, routed)           0.644     0.894    clk_IBUF
    BUFGCTRL_X0Y16       BUFG (Prop_bufg_I_O)         0.026     0.920 r  clk_IBUF_BUFG_inst/O
                         net (fo=91, routed)          0.681     1.601    clk_IBUF_BUFG
    SLICE_X2Y151         FDCE                                         r  minutes_reg[1]/C
  -------------------------------------------------------------------    -------------------
    SLICE_X2Y151         FDCE (Prop_fdce_C_Q)         0.148     1.749 r  minutes_reg[1]/Q
                         net (fo=12, routed)          0.252     2.000    minutes_reg_n_0_[1]
    SLICE_X2Y149         LUT6 (Prop_lut6_I2_O)        0.098     2.098 r  minutes[5]_i_2/O
                         net (fo=1, routed)           0.000     2.098    minutes[5]
    SLICE_X2Y149         FDCE                                         r  minutes_reg[5]/D
  -------------------------------------------------------------------    -------------------

                         (clock sys_clk_pin rise edge)
                                                      0.000     0.000 r  
    E3                                                0.000     0.000 r  clk (IN)
                         net (fo=0)                   0.000     0.000    clk
    E3                   IBUF (Prop_ibuf_I_O)         0.438     0.438 r  clk_IBUF_inst/O
                         net (fo=1, routed)           0.699     1.136    clk_IBUF
    BUFGCTRL_X0Y16       BUFG (Prop_bufg_I_O)         0.029     1.165 r  clk_IBUF_BUFG_inst/O
                         net (fo=91, routed)          0.872     2.037    clk_IBUF_BUFG
    SLICE_X2Y149         FDCE                                         r  minutes_reg[5]/C
                         clock pessimism             -0.250     1.786    
    SLICE_X2Y149         FDCE (Hold_fdce_C_D)         0.121     1.907    minutes_reg[5]
  -------------------------------------------------------------------
                         required time                         -1.907    
                         arrival time                           2.098    
  -------------------------------------------------------------------
                         slack                                  0.191    

Slack (MET) :             0.229ns  (arrival time - required time)
  Source:                 seconds_reg[0]/C
                            (rising edge-triggered cell FDCE clocked by sys_clk_pin  {rise@0.000ns fall@5.000ns period=10.000ns})
  Destination:            seconds_reg[5]/D
                            (rising edge-triggered cell FDCE clocked by sys_clk_pin  {rise@0.000ns fall@5.000ns period=10.000ns})
  Path Group:             sys_clk_pin
  Path Type:              Hold (Min at Fast Process Corner)
  Requirement:            0.000ns  (sys_clk_pin rise@0.000ns - sys_clk_pin rise@0.000ns)
  Data Path Delay:        0.365ns  (logic 0.186ns (50.984%)  route 0.179ns (49.016%))
  Logic Levels:           1  (LUT6=1)
  Clock Path Skew:        0.016ns (DCD - SCD - CPR)
    Destination Clock Delay (DCD):    2.035ns
    Source Clock Delay      (SCD):    1.516ns
    Clock Pessimism Removal (CPR):    0.502ns

    Location             Delay type                Incr(ns)  Path(ns)    Netlist Resource(s)
  -------------------------------------------------------------------    -------------------
                         (clock sys_clk_pin rise edge)
                                                      0.000     0.000 r  
    E3                                                0.000     0.000 r  clk (IN)
                         net (fo=0)                   0.000     0.000    clk
    E3                   IBUF (Prop_ibuf_I_O)         0.250     0.250 r  clk_IBUF_inst/O
                         net (fo=1, routed)           0.644     0.894    clk_IBUF
    BUFGCTRL_X0Y16       BUFG (Prop_bufg_I_O)         0.026     0.920 r  clk_IBUF_BUFG_inst/O
                         net (fo=91, routed)          0.597     1.516    clk_IBUF_BUFG
    SLICE_X1Y140         FDCE                                         r  seconds_reg[0]/C
  -------------------------------------------------------------------    -------------------
    SLICE_X1Y140         FDCE (Prop_fdce_C_Q)         0.141     1.657 r  seconds_reg[0]/Q
                         net (fo=11, routed)          0.179     1.836    seconds_reg_n_0_[0]
    SLICE_X2Y140         LUT6 (Prop_lut6_I2_O)        0.045     1.881 r  seconds[5]_i_2/O
                         net (fo=1, routed)           0.000     1.881    seconds[5]
    SLICE_X2Y140         FDCE                                         r  seconds_reg[5]/D
  -------------------------------------------------------------------    -------------------

                         (clock sys_clk_pin rise edge)
                                                      0.000     0.000 r  
    E3                                                0.000     0.000 r  clk (IN)
                         net (fo=0)                   0.000     0.000    clk
    E3                   IBUF (Prop_ibuf_I_O)         0.438     0.438 r  clk_IBUF_inst/O
                         net (fo=1, routed)           0.699     1.136    clk_IBUF
    BUFGCTRL_X0Y16       BUFG (Prop_bufg_I_O)         0.029     1.165 r  clk_IBUF_BUFG_inst/O
                         net (fo=91, routed)          0.870     2.035    clk_IBUF_BUFG
    SLICE_X2Y140         FDCE                                         r  seconds_reg[5]/C
                         clock pessimism             -0.502     1.532    
    SLICE_X2Y140         FDCE (Hold_fdce_C_D)         0.120     1.652    seconds_reg[5]
  -------------------------------------------------------------------
                         required time                         -1.652    
                         arrival time                           1.881    
  -------------------------------------------------------------------
                         slack                                  0.229    

Slack (MET) :             0.250ns  (arrival time - required time)
  Source:                 blank_cnt_reg[0]/C
                            (rising edge-triggered cell FDRE clocked by sys_clk_pin  {rise@0.000ns fall@5.000ns period=10.000ns})
  Destination:            blank_cnt_reg[3]/D
                            (rising edge-triggered cell FDRE clocked by sys_clk_pin  {rise@0.000ns fall@5.000ns period=10.000ns})
  Path Group:             sys_clk_pin
  Path Type:              Hold (Min at Fast Process Corner)
  Requirement:            0.000ns  (sys_clk_pin rise@0.000ns - sys_clk_pin rise@0.000ns)
  Data Path Delay:        0.357ns  (logic 0.184ns (51.602%)  route 0.173ns (48.398%))
  Logic Levels:           1  (LUT4=1)
  Clock Path Skew:        0.000ns (DCD - SCD - CPR)
    Destination Clock Delay (DCD):    2.035ns
    Source Clock Delay      (SCD):    1.516ns
    Clock Pessimism Removal (CPR):    0.518ns

    Location             Delay type                Incr(ns)  Path(ns)    Netlist Resource(s)
  -------------------------------------------------------------------    -------------------
                         (clock sys_clk_pin rise edge)
                                                      0.000     0.000 r  
    E3                                                0.000     0.000 r  clk (IN)
                         net (fo=0)                   0.000     0.000    clk
    E3                   IBUF (Prop_ibuf_I_O)         0.250     0.250 r  clk_IBUF_inst/O
                         net (fo=1, routed)           0.644     0.894    clk_IBUF
    BUFGCTRL_X0Y16       BUFG (Prop_bufg_I_O)         0.026     0.920 r  clk_IBUF_BUFG_inst/O
                         net (fo=91, routed)          0.597     1.516    clk_IBUF_BUFG
    SLICE_X0Y140         FDRE                                         r  blank_cnt_reg[0]/C
  -------------------------------------------------------------------    -------------------
    SLICE_X0Y140         FDRE (Prop_fdre_C_Q)         0.141     1.657 r  blank_cnt_reg[0]/Q
                         net (fo=5, routed)           0.173     1.830    blank_cnt_reg[0]
    SLICE_X0Y140         LUT4 (Prop_lut4_I1_O)        0.043     1.873 r  blank_cnt[3]_i_1/O
                         net (fo=1, routed)           0.000     1.873    p_0_in__0[3]
    SLICE_X0Y140         FDRE                                         r  blank_cnt_reg[3]/D
  -------------------------------------------------------------------    -------------------

                         (clock sys_clk_pin rise edge)
                                                      0.000     0.000 r  
    E3                                                0.000     0.000 r  clk (IN)
                         net (fo=0)                   0.000     0.000    clk
    E3                   IBUF (Prop_ibuf_I_O)         0.438     0.438 r  clk_IBUF_inst/O
                         net (fo=1, routed)           0.699     1.136    clk_IBUF
    BUFGCTRL_X0Y16       BUFG (Prop_bufg_I_O)         0.029     1.165 r  clk_IBUF_BUFG_inst/O
                         net (fo=91, routed)          0.870     2.035    clk_IBUF_BUFG
    SLICE_X0Y140         FDRE                                         r  blank_cnt_reg[3]/C
                         clock pessimism             -0.518     1.516    
    SLICE_X0Y140         FDRE (Hold_fdre_C_D)         0.107     1.623    blank_cnt_reg[3]
  -------------------------------------------------------------------
                         required time                         -1.623    
                         arrival time                           1.873    
  -------------------------------------------------------------------
                         slack                                  0.250    

Slack (MET) :             0.251ns  (arrival time - required time)
  Source:                 seconds_reg[2]/C
                            (rising edge-triggered cell FDCE clocked by sys_clk_pin  {rise@0.000ns fall@5.000ns period=10.000ns})
  Destination:            seconds_reg[3]/D
                            (rising edge-triggered cell FDCE clocked by sys_clk_pin  {rise@0.000ns fall@5.000ns period=10.000ns})
  Path Group:             sys_clk_pin
  Path Type:              Hold (Min at Fast Process Corner)
  Requirement:            0.000ns  (sys_clk_pin rise@0.000ns - sys_clk_pin rise@0.000ns)
  Data Path Delay:        0.359ns  (logic 0.209ns (58.280%)  route 0.150ns (41.720%))
  Logic Levels:           1  (LUT6=1)
  Clock Path Skew:        0.016ns (DCD - SCD - CPR)
    Destination Clock Delay (DCD):    2.035ns
    Source Clock Delay      (SCD):    1.516ns
    Clock Pessimism Removal (CPR):    0.502ns

    Location             Delay type                Incr(ns)  Path(ns)    Netlist Resource(s)
  -------------------------------------------------------------------    -------------------
                         (clock sys_clk_pin rise edge)
                                                      0.000     0.000 r  
    E3                                                0.000     0.000 r  clk (IN)
                         net (fo=0)                   0.000     0.000    clk
    E3                   IBUF (Prop_ibuf_I_O)         0.250     0.250 r  clk_IBUF_inst/O
                         net (fo=1, routed)           0.644     0.894    clk_IBUF
    BUFGCTRL_X0Y16       BUFG (Prop_bufg_I_O)         0.026     0.920 r  clk_IBUF_BUFG_inst/O
                         net (fo=91, routed)          0.597     1.516    clk_IBUF_BUFG
    SLICE_X2Y140         FDCE                                         r  seconds_reg[2]/C
  -------------------------------------------------------------------    -------------------
    SLICE_X2Y140         FDCE (Prop_fdce_C_Q)         0.164     1.680 r  seconds_reg[2]/Q
                         net (fo=12, routed)          0.150     1.830    seconds_reg_n_0_[2]
    SLICE_X1Y140         LUT6 (Prop_lut6_I3_O)        0.045     1.875 r  seconds[3]_i_1/O
                         net (fo=1, routed)           0.000     1.875    seconds[3]
    SLICE_X1Y140         FDCE                                         r  seconds_reg[3]/D
  -------------------------------------------------------------------    -------------------

                         (clock sys_clk_pin rise edge)
                                                      0.000     0.000 r  
    E3                                                0.000     0.000 r  clk (IN)
                         net (fo=0)                   0.000     0.000    clk
    E3                   IBUF (Prop_ibuf_I_O)         0.438     0.438 r  clk_IBUF_inst/O
                         net (fo=1, routed)           0.699     1.136    clk_IBUF
    BUFGCTRL_X0Y16       BUFG (Prop_bufg_I_O)         0.029     1.165 r  clk_IBUF_BUFG_inst/O
                         net (fo=91, routed)          0.870     2.035    clk_IBUF_BUFG
    SLICE_X1Y140         FDCE                                         r  seconds_reg[3]/C
                         clock pessimism             -0.502     1.532    
    SLICE_X1Y140         FDCE (Hold_fdce_C_D)         0.092     1.624    seconds_reg[3]
  -------------------------------------------------------------------
                         required time                         -1.624    
                         arrival time                           1.875    
  -------------------------------------------------------------------
                         slack                                  0.251    

Slack (MET) :             0.251ns  (arrival time - required time)
  Source:                 seconds_reg[2]/C
                            (rising edge-triggered cell FDCE clocked by sys_clk_pin  {rise@0.000ns fall@5.000ns period=10.000ns})
  Destination:            seconds_reg[2]/D
                            (rising edge-triggered cell FDCE clocked by sys_clk_pin  {rise@0.000ns fall@5.000ns period=10.000ns})
  Path Group:             sys_clk_pin
  Path Type:              Hold (Min at Fast Process Corner)
  Requirement:            0.000ns  (sys_clk_pin rise@0.000ns - sys_clk_pin rise@0.000ns)
  Data Path Delay:        0.372ns  (logic 0.209ns (56.113%)  route 0.163ns (43.887%))
  Logic Levels:           1  (LUT6=1)
  Clock Path Skew:        0.000ns (DCD - SCD - CPR)
    Destination Clock Delay (DCD):    2.035ns
    Source Clock Delay      (SCD):    1.516ns
    Clock Pessimism Removal (CPR):    0.518ns

    Location             Delay type                Incr(ns)  Path(ns)    Netlist Resource(s)
  -------------------------------------------------------------------    -------------------
                         (clock sys_clk_pin rise edge)
                                                      0.000     0.000 r  
    E3                                                0.000     0.000 r  clk (IN)
                         net (fo=0)                   0.000     0.000    clk
    E3                   IBUF (Prop_ibuf_I_O)         0.250     0.250 r  clk_IBUF_inst/O
                         net (fo=1, routed)           0.644     0.894    clk_IBUF
    BUFGCTRL_X0Y16       BUFG (Prop_bufg_I_O)         0.026     0.920 r  clk_IBUF_BUFG_inst/O
                         net (fo=91, routed)          0.597     1.516    clk_IBUF_BUFG
    SLICE_X2Y140         FDCE                                         r  seconds_reg[2]/C
  -------------------------------------------------------------------    -------------------
    SLICE_X2Y140         FDCE (Prop_fdce_C_Q)         0.164     1.680 r  seconds_reg[2]/Q
                         net (fo=12, routed)          0.163     1.844    seconds_reg_n_0_[2]
    SLICE_X2Y140         LUT6 (Prop_lut6_I5_O)        0.045     1.889 r  seconds[2]_i_1/O
                         net (fo=1, routed)           0.000     1.889    seconds[2]
    SLICE_X2Y140         FDCE                                         r  seconds_reg[2]/D
  -------------------------------------------------------------------    -------------------

                         (clock sys_clk_pin rise edge)
                                                      0.000     0.000 r  
    E3                                                0.000     0.000 r  clk (IN)
                         net (fo=0)                   0.000     0.000    clk
    E3                   IBUF (Prop_ibuf_I_O)         0.438     0.438 r  clk_IBUF_inst/O
                         net (fo=1, routed)           0.699     1.136    clk_IBUF
    BUFGCTRL_X0Y16       BUFG (Prop_bufg_I_O)         0.029     1.165 r  clk_IBUF_BUFG_inst/O
                         net (fo=91, routed)          0.870     2.035    clk_IBUF_BUFG
    SLICE_X2Y140         FDCE                                         r  seconds_reg[2]/C
                         clock pessimism             -0.518     1.516    
    SLICE_X2Y140         FDCE (Hold_fdce_C_D)         0.121     1.637    seconds_reg[2]
  -------------------------------------------------------------------
                         required time                         -1.637    
                         arrival time                           1.889    
  -------------------------------------------------------------------
                         slack                                  0.251    

Slack (MET) :             0.254ns  (arrival time - required time)
  Source:                 mux_counter_reg[10]/C
                            (rising edge-triggered cell FDRE clocked by sys_clk_pin  {rise@0.000ns fall@5.000ns period=10.000ns})
  Destination:            mux_counter_reg[10]/D
                            (rising edge-triggered cell FDRE clocked by sys_clk_pin  {rise@0.000ns fall@5.000ns period=10.000ns})
  Path Group:             sys_clk_pin
  Path Type:              Hold (Min at Fast Process Corner)
  Requirement:            0.000ns  (sys_clk_pin rise@0.000ns - sys_clk_pin rise@0.000ns)
  Data Path Delay:        0.388ns  (logic 0.274ns (70.550%)  route 0.114ns (29.450%))
  Logic Levels:           1  (CARRY4=1)
  Clock Path Skew:        0.000ns (DCD - SCD - CPR)
    Destination Clock Delay (DCD):    2.030ns
    Source Clock Delay      (SCD):    1.513ns
    Clock Pessimism Removal (CPR):    0.516ns

    Location             Delay type                Incr(ns)  Path(ns)    Netlist Resource(s)
  -------------------------------------------------------------------    -------------------
                         (clock sys_clk_pin rise edge)
                                                      0.000     0.000 r  
    E3                                                0.000     0.000 r  clk (IN)
                         net (fo=0)                   0.000     0.000    clk
    E3                   IBUF (Prop_ibuf_I_O)         0.250     0.250 r  clk_IBUF_inst/O
                         net (fo=1, routed)           0.644     0.894    clk_IBUF
    BUFGCTRL_X0Y16       BUFG (Prop_bufg_I_O)         0.026     0.920 r  clk_IBUF_BUFG_inst/O
                         net (fo=91, routed)          0.594     1.513    clk_IBUF_BUFG
    SLICE_X2Y134         FDRE                                         r  mux_counter_reg[10]/C
  -------------------------------------------------------------------    -------------------
    SLICE_X2Y134         FDRE (Prop_fdre_C_Q)         0.164     1.677 r  mux_counter_reg[10]/Q
                         net (fo=1, routed)           0.114     1.792    mux_counter_reg_n_0_[10]
    SLICE_X2Y134         CARRY4 (Prop_carry4_S[2]_O[2])
                                                      0.110     1.902 r  mux_counter_reg[8]_i_1/O[2]
                         net (fo=1, routed)           0.000     1.902    mux_counter_reg[8]_i_1_n_5
    SLICE_X2Y134         FDRE                                         r  mux_counter_reg[10]/D
  -------------------------------------------------------------------    -------------------

                         (clock sys_clk_pin rise edge)
                                                      0.000     0.000 r  
    E3                                                0.000     0.000 r  clk (IN)
                         net (fo=0)                   0.000     0.000    clk
    E3                   IBUF (Prop_ibuf_I_O)         0.438     0.438 r  clk_IBUF_inst/O
                         net (fo=1, routed)           0.699     1.136    clk_IBUF
    BUFGCTRL_X0Y16       BUFG (Prop_bufg_I_O)         0.029     1.165 r  clk_IBUF_BUFG_inst/O
                         net (fo=91, routed)          0.865     2.030    clk_IBUF_BUFG
    SLICE_X2Y134         FDRE                                         r  mux_counter_reg[10]/C
                         clock pessimism             -0.516     1.513    
    SLICE_X2Y134         FDRE (Hold_fdre_C_D)         0.134     1.647    mux_counter_reg[10]
  -------------------------------------------------------------------
                         required time                         -1.647    
                         arrival time                           1.902    
  -------------------------------------------------------------------
                         slack                                  0.254    





Pulse Width Checks
--------------------------------------------------------------------------------------
Clock Name:         sys_clk_pin
Waveform(ns):       { 0.000 5.000 }
Period(ns):         10.000
Sources:            { clk }

Check Type        Corner  Lib Pin  Reference Pin  Required(ns)  Actual(ns)  Slack(ns)  Location        Pin
Min Period        n/a     BUFG/I   n/a            2.155         10.000      7.845      BUFGCTRL_X0Y16  clk_IBUF_BUFG_inst/I
Min Period        n/a     FDRE/C   n/a            1.000         10.000      9.000      SLICE_X0Y139    an_reg[0]/C
Min Period        n/a     FDRE/C   n/a            1.000         10.000      9.000      SLICE_X0Y139    an_reg[1]/C
Min Period        n/a     FDRE/C   n/a            1.000         10.000      9.000      SLICE_X0Y139    an_reg[2]/C
Min Period        n/a     FDRE/C   n/a            1.000         10.000      9.000      SLICE_X0Y146    an_reg[3]/C
Min Period        n/a     FDRE/C   n/a            1.000         10.000      9.000      SLICE_X0Y140    blank_cnt_reg[0]/C
Min Period        n/a     FDRE/C   n/a            1.000         10.000      9.000      SLICE_X0Y140    blank_cnt_reg[1]/C
Min Period        n/a     FDRE/C   n/a            1.000         10.000      9.000      SLICE_X0Y140    blank_cnt_reg[2]/C
Min Period        n/a     FDRE/C   n/a            1.000         10.000      9.000      SLICE_X0Y140    blank_cnt_reg[3]/C
Min Period        n/a     FDCE/C   n/a            1.000         10.000      9.000      SLICE_X2Y137    btn_prev_reg/C
Low Pulse Width   Slow    FDRE/C   n/a            0.500         5.000       4.500      SLICE_X0Y139    an_reg[0]/C
Low Pulse Width   Fast    FDRE/C   n/a            0.500         5.000       4.500      SLICE_X0Y139    an_reg[0]/C
Low Pulse Width   Slow    FDRE/C   n/a            0.500         5.000       4.500      SLICE_X0Y139    an_reg[1]/C
Low Pulse Width   Fast    FDRE/C   n/a            0.500         5.000       4.500      SLICE_X0Y139    an_reg[1]/C
Low Pulse Width   Slow    FDRE/C   n/a            0.500         5.000       4.500      SLICE_X0Y139    an_reg[2]/C
Low Pulse Width   Fast    FDRE/C   n/a            0.500         5.000       4.500      SLICE_X0Y139    an_reg[2]/C
Low Pulse Width   Slow    FDRE/C   n/a            0.500         5.000       4.500      SLICE_X0Y146    an_reg[3]/C
Low Pulse Width   Fast    FDRE/C   n/a            0.500         5.000       4.500      SLICE_X0Y146    an_reg[3]/C
Low Pulse Width   Slow    FDRE/C   n/a            0.500         5.000       4.500      SLICE_X0Y140    blank_cnt_reg[0]/C
Low Pulse Width   Fast    FDRE/C   n/a            0.500         5.000       4.500      SLICE_X0Y140    blank_cnt_reg[0]/C
High Pulse Width  Slow    FDRE/C   n/a            0.500         5.000       4.500      SLICE_X0Y139    an_reg[0]/C
High Pulse Width  Fast    FDRE/C   n/a            0.500         5.000       4.500      SLICE_X0Y139    an_reg[0]/C
High Pulse Width  Slow    FDRE/C   n/a            0.500         5.000       4.500      SLICE_X0Y139    an_reg[1]/C
High Pulse Width  Fast    FDRE/C   n/a            0.500         5.000       4.500      SLICE_X0Y139    an_reg[1]/C
High Pulse Width  Slow    FDRE/C   n/a            0.500         5.000       4.500      SLICE_X0Y139    an_reg[2]/C
High Pulse Width  Fast    FDRE/C   n/a            0.500         5.000       4.500      SLICE_X0Y139    an_reg[2]/C
High Pulse Width  Slow    FDRE/C   n/a            0.500         5.000       4.500      SLICE_X0Y146    an_reg[3]/C
High Pulse Width  Fast    FDRE/C   n/a            0.500         5.000       4.500      SLICE_X0Y146    an_reg[3]/C
High Pulse Width  Slow    FDRE/C   n/a            0.500         5.000       4.500      SLICE_X0Y140    blank_cnt_reg[0]/C
High Pulse Width  Fast    FDRE/C   n/a            0.500         5.000       4.500      SLICE_X0Y140    blank_cnt_reg[0]/C



--------------------------------------------------------------------------------------
Path Group:  (none)
From Clock:  
  To Clock:  

Max Delay             2 Endpoints
Min Delay             2 Endpoints
--------------------------------------------------------------------------------------


Max Delay Paths
--------------------------------------------------------------------------------------
Slack:                    inf
  Source:                 digit_sel_reg[1]/C
                            (rising edge-triggered cell FDRE)
  Destination:            digit_sel_reg[1]/D
  Path Group:             (none)
  Path Type:              Max at Slow Process Corner
  Data Path Delay:        1.629ns  (logic 0.746ns (45.795%)  route 0.883ns (54.205%))
  Logic Levels:           2  (FDRE=1 LUT2=1)

    Location             Delay type                Incr(ns)  Path(ns)    Netlist Resource(s)
  -------------------------------------------------------------------    -------------------
    SLICE_X0Y138         FDRE                         0.000     0.000 r  digit_sel_reg[1]/C
    SLICE_X0Y138         FDRE (Prop_fdre_C_Q)         0.419     0.419 r  digit_sel_reg[1]/Q
                         net (fo=12, routed)          0.883     1.302    digit_sel[1]
    SLICE_X0Y138         LUT2 (Prop_lut2_I1_O)        0.327     1.629 r  digit_sel[1]_i_1/O
                         net (fo=1, routed)           0.000     1.629    p_1_in[1]
    SLICE_X0Y138         FDRE                                         r  digit_sel_reg[1]/D
  -------------------------------------------------------------------    -------------------

Slack:                    inf
  Source:                 digit_sel_reg[0]/C
                            (rising edge-triggered cell FDRE)
  Destination:            digit_sel_reg[0]/D
  Path Group:             (none)
  Path Type:              Max at Slow Process Corner
  Data Path Delay:        1.116ns  (logic 0.580ns (51.967%)  route 0.536ns (48.033%))
  Logic Levels:           2  (FDRE=1 LUT1=1)

    Location             Delay type                Incr(ns)  Path(ns)    Netlist Resource(s)
  -------------------------------------------------------------------    -------------------
    SLICE_X0Y138         FDRE                         0.000     0.000 r  digit_sel_reg[0]/C
    SLICE_X0Y138         FDRE (Prop_fdre_C_Q)         0.456     0.456 f  digit_sel_reg[0]/Q
                         net (fo=10, routed)          0.536     0.992    digit_sel[0]
    SLICE_X0Y138         LUT1 (Prop_lut1_I0_O)        0.124     1.116 r  digit_sel[0]_i_1/O
                         net (fo=1, routed)           0.000     1.116    p_1_in[0]
    SLICE_X0Y138         FDRE                                         r  digit_sel_reg[0]/D
  -------------------------------------------------------------------    -------------------





Min Delay Paths
--------------------------------------------------------------------------------------
Slack:                    inf
  Source:                 digit_sel_reg[0]/C
                            (rising edge-triggered cell FDRE)
  Destination:            digit_sel_reg[1]/D
  Path Group:             (none)
  Path Type:              Min at Fast Process Corner
  Data Path Delay:        0.382ns  (logic 0.183ns (47.893%)  route 0.199ns (52.107%))
  Logic Levels:           2  (FDRE=1 LUT2=1)

    Location             Delay type                Incr(ns)  Path(ns)    Netlist Resource(s)
  -------------------------------------------------------------------    -------------------
    SLICE_X0Y138         FDRE                         0.000     0.000 r  digit_sel_reg[0]/C
    SLICE_X0Y138         FDRE (Prop_fdre_C_Q)         0.141     0.141 r  digit_sel_reg[0]/Q
                         net (fo=10, routed)          0.199     0.340    digit_sel[0]
    SLICE_X0Y138         LUT2 (Prop_lut2_I0_O)        0.042     0.382 r  digit_sel[1]_i_1/O
                         net (fo=1, routed)           0.000     0.382    p_1_in[1]
    SLICE_X0Y138         FDRE                                         r  digit_sel_reg[1]/D
  -------------------------------------------------------------------    -------------------

Slack:                    inf
  Source:                 digit_sel_reg[0]/C
                            (rising edge-triggered cell FDRE)
  Destination:            digit_sel_reg[0]/D
  Path Group:             (none)
  Path Type:              Min at Fast Process Corner
  Data Path Delay:        0.385ns  (logic 0.186ns (48.299%)  route 0.199ns (51.701%))
  Logic Levels:           2  (FDRE=1 LUT1=1)

    Location             Delay type                Incr(ns)  Path(ns)    Netlist Resource(s)
  -------------------------------------------------------------------    -------------------
    SLICE_X0Y138         FDRE                         0.000     0.000 r  digit_sel_reg[0]/C
    SLICE_X0Y138         FDRE (Prop_fdre_C_Q)         0.141     0.141 f  digit_sel_reg[0]/Q
                         net (fo=10, routed)          0.199     0.340    digit_sel[0]
    SLICE_X0Y138         LUT1 (Prop_lut1_I0_O)        0.045     0.385 r  digit_sel[0]_i_1/O
                         net (fo=1, routed)           0.000     0.385    p_1_in[0]
    SLICE_X0Y138         FDRE                                         r  digit_sel_reg[0]/D
  -------------------------------------------------------------------    -------------------





--------------------------------------------------------------------------------------
Path Group:  (none)
From Clock:  sys_clk_pin
  To Clock:  

Max Delay             8 Endpoints
Min Delay             8 Endpoints
--------------------------------------------------------------------------------------


Max Delay Paths
--------------------------------------------------------------------------------------
Slack:                    inf
  Source:                 an_reg[3]/C
                            (rising edge-triggered cell FDRE clocked by sys_clk_pin  {rise@0.000ns fall@5.000ns period=10.000ns})
  Destination:            an[3]
                            (output port)
  Path Group:             (none)
  Path Type:              Max at Slow Process Corner
  Data Path Delay:        6.406ns  (logic 3.995ns (62.361%)  route 2.411ns (37.639%))
  Logic Levels:           1  (OBUF=1)
  Clock Uncertainty:      0.025ns  ((TSJ^2 + TIJ^2)^1/2 + DJ) / 2 + PE
    Total System Jitter     (TSJ):    0.050ns
    Total Input Jitter      (TIJ):    0.000ns
    Discrete Jitter          (DJ):    0.000ns
    Phase Error              (PE):    0.000ns

    Location             Delay type                Incr(ns)  Path(ns)    Netlist Resource(s)
  -------------------------------------------------------------------    -------------------
                         (clock sys_clk_pin rise edge)
                                                      0.000     0.000 r  
    E3                                                0.000     0.000 r  clk (IN)
                         net (fo=0)                   0.000     0.000    clk
    E3                   IBUF (Prop_ibuf_I_O)         1.482     1.482 r  clk_IBUF_inst/O
                         net (fo=1, routed)           2.025     3.506    clk_IBUF
    BUFGCTRL_X0Y16       BUFG (Prop_bufg_I_O)         0.096     3.602 r  clk_IBUF_BUFG_inst/O
                         net (fo=91, routed)          1.709     5.311    clk_IBUF_BUFG
    SLICE_X0Y146         FDRE                                         r  an_reg[3]/C
  -------------------------------------------------------------------    -------------------
    SLICE_X0Y146         FDRE (Prop_fdre_C_Q)         0.456     5.767 r  an_reg[3]/Q
                         net (fo=1, routed)           2.411     8.178    an_OBUF[3]
    C15                  OBUF (Prop_obuf_I_O)         3.539    11.717 r  an_OBUF[3]_inst/O
                         net (fo=0)                   0.000    11.717    an[3]
    C15                                                               r  an[3] (OUT)
  -------------------------------------------------------------------    -------------------

Slack:                    inf
  Source:                 an_reg[1]/C
                            (rising edge-triggered cell FDRE clocked by sys_clk_pin  {rise@0.000ns fall@5.000ns period=10.000ns})
  Destination:            an[1]
                            (output port)
  Path Group:             (none)
  Path Type:              Max at Slow Process Corner
  Data Path Delay:        6.221ns  (logic 4.140ns (66.547%)  route 2.081ns (33.453%))
  Logic Levels:           1  (OBUF=1)
  Clock Uncertainty:      0.025ns  ((TSJ^2 + TIJ^2)^1/2 + DJ) / 2 + PE
    Total System Jitter     (TSJ):    0.050ns
    Total Input Jitter      (TIJ):    0.000ns
    Discrete Jitter          (DJ):    0.000ns
    Phase Error              (PE):    0.000ns

    Location             Delay type                Incr(ns)  Path(ns)    Netlist Resource(s)
  -------------------------------------------------------------------    -------------------
                         (clock sys_clk_pin rise edge)
                                                      0.000     0.000 r  
    E3                                                0.000     0.000 r  clk (IN)
                         net (fo=0)                   0.000     0.000    clk
    E3                   IBUF (Prop_ibuf_I_O)         1.482     1.482 r  clk_IBUF_inst/O
                         net (fo=1, routed)           2.025     3.506    clk_IBUF
    BUFGCTRL_X0Y16       BUFG (Prop_bufg_I_O)         0.096     3.602 r  clk_IBUF_BUFG_inst/O
                         net (fo=91, routed)          1.707     5.309    clk_IBUF_BUFG
    SLICE_X0Y139         FDRE                                         r  an_reg[1]/C
  -------------------------------------------------------------------    -------------------
    SLICE_X0Y139         FDRE (Prop_fdre_C_Q)         0.419     5.728 r  an_reg[1]/Q
                         net (fo=1, routed)           2.081     7.810    an_OBUF[1]
    E16                  OBUF (Prop_obuf_I_O)         3.721    11.531 r  an_OBUF[1]_inst/O
                         net (fo=0)                   0.000    11.531    an[1]
    E16                                                               r  an[1] (OUT)
  -------------------------------------------------------------------    -------------------

Slack:                    inf
  Source:                 an_reg[2]/C
                            (rising edge-triggered cell FDRE clocked by sys_clk_pin  {rise@0.000ns fall@5.000ns period=10.000ns})
  Destination:            an[2]
                            (output port)
  Path Group:             (none)
  Path Type:              Max at Slow Process Corner
  Data Path Delay:        6.094ns  (logic 3.994ns (65.544%)  route 2.100ns (34.456%))
  Logic Levels:           1  (OBUF=1)
  Clock Uncertainty:      0.025ns  ((TSJ^2 + TIJ^2)^1/2 + DJ) / 2 + PE
    Total System Jitter     (TSJ):    0.050ns
    Total Input Jitter      (TIJ):    0.000ns
    Discrete Jitter          (DJ):    0.000ns
    Phase Error              (PE):    0.000ns

    Location             Delay type                Incr(ns)  Path(ns)    Netlist Resource(s)
  -------------------------------------------------------------------    -------------------
                         (clock sys_clk_pin rise edge)
                                                      0.000     0.000 r  
    E3                                                0.000     0.000 r  clk (IN)
                         net (fo=0)                   0.000     0.000    clk
    E3                   IBUF (Prop_ibuf_I_O)         1.482     1.482 r  clk_IBUF_inst/O
                         net (fo=1, routed)           2.025     3.506    clk_IBUF
    BUFGCTRL_X0Y16       BUFG (Prop_bufg_I_O)         0.096     3.602 r  clk_IBUF_BUFG_inst/O
                         net (fo=91, routed)          1.707     5.309    clk_IBUF_BUFG
    SLICE_X0Y139         FDRE                                         r  an_reg[2]/C
  -------------------------------------------------------------------    -------------------
    SLICE_X0Y139         FDRE (Prop_fdre_C_Q)         0.456     5.765 r  an_reg[2]/Q
                         net (fo=1, routed)           2.100     7.865    an_OBUF[2]
    D15                  OBUF (Prop_obuf_I_O)         3.538    11.403 r  an_OBUF[2]_inst/O
                         net (fo=0)                   0.000    11.403    an[2]
    D15                                                               r  an[2] (OUT)
  -------------------------------------------------------------------    -------------------

Slack:                    inf
  Source:                 an_reg[0]/C
                            (rising edge-triggered cell FDRE clocked by sys_clk_pin  {rise@0.000ns fall@5.000ns period=10.000ns})
  Destination:            an[0]
                            (output port)
  Path Group:             (none)
  Path Type:              Max at Slow Process Corner
  Data Path Delay:        6.086ns  (logic 3.990ns (65.564%)  route 2.096ns (34.436%))
  Logic Levels:           1  (OBUF=1)
  Clock Uncertainty:      0.025ns  ((TSJ^2 + TIJ^2)^1/2 + DJ) / 2 + PE
    Total System Jitter     (TSJ):    0.050ns
    Total Input Jitter      (TIJ):    0.000ns
    Discrete Jitter          (DJ):    0.000ns
    Phase Error              (PE):    0.000ns

    Location             Delay type                Incr(ns)  Path(ns)    Netlist Resource(s)
  -------------------------------------------------------------------    -------------------
                         (clock sys_clk_pin rise edge)
                                                      0.000     0.000 r  
    E3                                                0.000     0.000 r  clk (IN)
                         net (fo=0)                   0.000     0.000    clk
    E3                   IBUF (Prop_ibuf_I_O)         1.482     1.482 r  clk_IBUF_inst/O
                         net (fo=1, routed)           2.025     3.506    clk_IBUF
    BUFGCTRL_X0Y16       BUFG (Prop_bufg_I_O)         0.096     3.602 r  clk_IBUF_BUFG_inst/O
                         net (fo=91, routed)          1.707     5.309    clk_IBUF_BUFG
    SLICE_X0Y139         FDRE                                         r  an_reg[0]/C
  -------------------------------------------------------------------    -------------------
    SLICE_X0Y139         FDRE (Prop_fdre_C_Q)         0.456     5.765 r  an_reg[0]/Q
                         net (fo=1, routed)           2.096     7.861    an_OBUF[0]
    E15                  OBUF (Prop_obuf_I_O)         3.534    11.396 r  an_OBUF[0]_inst/O
                         net (fo=0)                   0.000    11.396    an[0]
    E15                                                               r  an[0] (OUT)
  -------------------------------------------------------------------    -------------------

Slack:                    inf
  Source:                 seg_reg[1]/C
                            (rising edge-triggered cell FDRE clocked by sys_clk_pin  {rise@0.000ns fall@5.000ns period=10.000ns})
  Destination:            seg[1]
                            (output port)
  Path Group:             (none)
  Path Type:              Max at Slow Process Corner
  Data Path Delay:        5.884ns  (logic 4.021ns (68.327%)  route 1.864ns (31.673%))
  Logic Levels:           1  (OBUF=1)
  Clock Uncertainty:      0.025ns  ((TSJ^2 + TIJ^2)^1/2 + DJ) / 2 + PE
    Total System Jitter     (TSJ):    0.050ns
    Total Input Jitter      (TIJ):    0.000ns
    Discrete Jitter          (DJ):    0.000ns
    Phase Error              (PE):    0.000ns

    Location             Delay type                Incr(ns)  Path(ns)    Netlist Resource(s)
  -------------------------------------------------------------------    -------------------
                         (clock sys_clk_pin rise edge)
                                                      0.000     0.000 r  
    E3                                                0.000     0.000 r  clk (IN)
                         net (fo=0)                   0.000     0.000    clk
    E3                   IBUF (Prop_ibuf_I_O)         1.482     1.482 r  clk_IBUF_inst/O
                         net (fo=1, routed)           2.025     3.506    clk_IBUF
    BUFGCTRL_X0Y16       BUFG (Prop_bufg_I_O)         0.096     3.602 r  clk_IBUF_BUFG_inst/O
                         net (fo=91, routed)          1.894     5.497    clk_IBUF_BUFG
    SLICE_X0Y150         FDRE                                         r  seg_reg[1]/C
  -------------------------------------------------------------------    -------------------
    SLICE_X0Y150         FDRE (Prop_fdre_C_Q)         0.456     5.953 r  seg_reg[1]/Q
                         net (fo=1, routed)           1.864     7.816    seg_OBUF[1]
    B11                  OBUF (Prop_obuf_I_O)         3.565    11.381 r  seg_OBUF[1]_inst/O
                         net (fo=0)                   0.000    11.381    seg[1]
    B11                                                               r  seg[1] (OUT)
  -------------------------------------------------------------------    -------------------

Slack:                    inf
  Source:                 seg_reg[3]/C
                            (rising edge-triggered cell FDRE clocked by sys_clk_pin  {rise@0.000ns fall@5.000ns period=10.000ns})
  Destination:            seg[3]
                            (output port)
  Path Group:             (none)
  Path Type:              Max at Slow Process Corner
  Data Path Delay:        5.962ns  (logic 4.142ns (69.473%)  route 1.820ns (30.527%))
  Logic Levels:           1  (OBUF=1)
  Clock Uncertainty:      0.025ns  ((TSJ^2 + TIJ^2)^1/2 + DJ) / 2 + PE
    Total System Jitter     (TSJ):    0.050ns
    Total Input Jitter      (TIJ):    0.000ns
    Discrete Jitter          (DJ):    0.000ns
    Phase Error              (PE):    0.000ns

    Location             Delay type                Incr(ns)  Path(ns)    Netlist Resource(s)
  -------------------------------------------------------------------    -------------------
                         (clock sys_clk_pin rise edge)
                                                      0.000     0.000 r  
    E3                                                0.000     0.000 r  clk (IN)
                         net (fo=0)                   0.000     0.000    clk
    E3                   IBUF (Prop_ibuf_I_O)         1.482     1.482 r  clk_IBUF_inst/O
                         net (fo=1, routed)           2.025     3.506    clk_IBUF
    BUFGCTRL_X0Y16       BUFG (Prop_bufg_I_O)         0.096     3.602 r  clk_IBUF_BUFG_inst/O
                         net (fo=91, routed)          1.707     5.309    clk_IBUF_BUFG
    SLICE_X0Y139         FDRE                                         r  seg_reg[3]/C
  -------------------------------------------------------------------    -------------------
    SLICE_X0Y139         FDRE (Prop_fdre_C_Q)         0.419     5.728 r  seg_reg[3]/Q
                         net (fo=1, routed)           1.820     7.548    seg_OBUF[3]
    D12                  OBUF (Prop_obuf_I_O)         3.723    11.271 r  seg_OBUF[3]_inst/O
                         net (fo=0)                   0.000    11.271    seg[3]
    D12                                                               r  seg[3] (OUT)
  -------------------------------------------------------------------    -------------------

Slack:                    inf
  Source:                 seg_reg[2]/C
                            (rising edge-triggered cell FDRE clocked by sys_clk_pin  {rise@0.000ns fall@5.000ns period=10.000ns})
  Destination:            seg[2]
                            (output port)
  Path Group:             (none)
  Path Type:              Max at Slow Process Corner
  Data Path Delay:        5.885ns  (logic 4.022ns (68.350%)  route 1.862ns (31.650%))
  Logic Levels:           1  (OBUF=1)
  Clock Uncertainty:      0.025ns  ((TSJ^2 + TIJ^2)^1/2 + DJ) / 2 + PE
    Total System Jitter     (TSJ):    0.050ns
    Total Input Jitter      (TIJ):    0.000ns
    Discrete Jitter          (DJ):    0.000ns
    Phase Error              (PE):    0.000ns

    Location             Delay type                Incr(ns)  Path(ns)    Netlist Resource(s)
  -------------------------------------------------------------------    -------------------
                         (clock sys_clk_pin rise edge)
                                                      0.000     0.000 r  
    E3                                                0.000     0.000 r  clk (IN)
                         net (fo=0)                   0.000     0.000    clk
    E3                   IBUF (Prop_ibuf_I_O)         1.482     1.482 r  clk_IBUF_inst/O
                         net (fo=1, routed)           2.025     3.506    clk_IBUF
    BUFGCTRL_X0Y16       BUFG (Prop_bufg_I_O)         0.096     3.602 r  clk_IBUF_BUFG_inst/O
                         net (fo=91, routed)          1.710     5.312    clk_IBUF_BUFG
    SLICE_X0Y149         FDRE                                         r  seg_reg[2]/C
  -------------------------------------------------------------------    -------------------
    SLICE_X0Y149         FDRE (Prop_fdre_C_Q)         0.456     5.768 r  seg_reg[2]/Q
                         net (fo=1, routed)           1.862     7.631    seg_OBUF[2]
    A11                  OBUF (Prop_obuf_I_O)         3.566    11.197 r  seg_OBUF[2]_inst/O
                         net (fo=0)                   0.000    11.197    seg[2]
    A11                                                               r  seg[2] (OUT)
  -------------------------------------------------------------------    -------------------

Slack:                    inf
  Source:                 seg_reg[0]/C
                            (rising edge-triggered cell FDRE clocked by sys_clk_pin  {rise@0.000ns fall@5.000ns period=10.000ns})
  Destination:            seg[0]
                            (output port)
  Path Group:             (none)
  Path Type:              Max at Slow Process Corner
  Data Path Delay:        5.853ns  (logic 4.124ns (70.456%)  route 1.729ns (29.544%))
  Logic Levels:           1  (OBUF=1)
  Clock Uncertainty:      0.025ns  ((TSJ^2 + TIJ^2)^1/2 + DJ) / 2 + PE
    Total System Jitter     (TSJ):    0.050ns
    Total Input Jitter      (TIJ):    0.000ns
    Discrete Jitter          (DJ):    0.000ns
    Phase Error              (PE):    0.000ns

    Location             Delay type                Incr(ns)  Path(ns)    Netlist Resource(s)
  -------------------------------------------------------------------    -------------------
                         (clock sys_clk_pin rise edge)
                                                      0.000     0.000 r  
    E3                                                0.000     0.000 r  clk (IN)
                         net (fo=0)                   0.000     0.000    clk
    E3                   IBUF (Prop_ibuf_I_O)         1.482     1.482 r  clk_IBUF_inst/O
                         net (fo=1, routed)           2.025     3.506    clk_IBUF
    BUFGCTRL_X0Y16       BUFG (Prop_bufg_I_O)         0.096     3.602 r  clk_IBUF_BUFG_inst/O
                         net (fo=91, routed)          1.709     5.311    clk_IBUF_BUFG
    SLICE_X0Y146         FDRE                                         r  seg_reg[0]/C
  -------------------------------------------------------------------    -------------------
    SLICE_X0Y146         FDRE (Prop_fdre_C_Q)         0.419     5.730 r  seg_reg[0]/Q
                         net (fo=1, routed)           1.729     7.459    seg_OBUF[0]
    G13                  OBUF (Prop_obuf_I_O)         3.705    11.164 r  seg_OBUF[0]_inst/O
                         net (fo=0)                   0.000    11.164    seg[0]
    G13                                                               r  seg[0] (OUT)
  -------------------------------------------------------------------    -------------------





Min Delay Paths
--------------------------------------------------------------------------------------
Slack:                    inf
  Source:                 seg_reg[0]/C
                            (rising edge-triggered cell FDRE clocked by sys_clk_pin  {rise@0.000ns fall@5.000ns period=10.000ns})
  Destination:            seg[0]
                            (output port)
  Path Group:             (none)
  Path Type:              Min at Fast Process Corner
  Data Path Delay:        1.773ns  (logic 1.413ns (79.682%)  route 0.360ns (20.318%))
  Logic Levels:           1  (OBUF=1)
  Clock Uncertainty:      0.025ns  ((TSJ^2 + TIJ^2)^1/2 + DJ) / 2 + PE
    Total System Jitter     (TSJ):    0.050ns
    Total Input Jitter      (TIJ):    0.000ns
    Discrete Jitter          (DJ):    0.000ns
    Phase Error              (PE):    0.000ns

    Location             Delay type                Incr(ns)  Path(ns)    Netlist Resource(s)
  -------------------------------------------------------------------    -------------------
                         (clock sys_clk_pin rise edge)
                                                      0.000     0.000 r  
    E3                                                0.000     0.000 r  clk (IN)
                         net (fo=0)                   0.000     0.000    clk
    E3                   IBUF (Prop_ibuf_I_O)         0.250     0.250 r  clk_IBUF_inst/O
                         net (fo=1, routed)           0.644     0.894    clk_IBUF
    BUFGCTRL_X0Y16       BUFG (Prop_bufg_I_O)         0.026     0.920 r  clk_IBUF_BUFG_inst/O
                         net (fo=91, routed)          0.598     1.517    clk_IBUF_BUFG
    SLICE_X0Y146         FDRE                                         r  seg_reg[0]/C
  -------------------------------------------------------------------    -------------------
    SLICE_X0Y146         FDRE (Prop_fdre_C_Q)         0.128     1.645 r  seg_reg[0]/Q
                         net (fo=1, routed)           0.360     2.006    seg_OBUF[0]
    G13                  OBUF (Prop_obuf_I_O)         1.285     3.290 r  seg_OBUF[0]_inst/O
                         net (fo=0)                   0.000     3.290    seg[0]
    G13                                                               r  seg[0] (OUT)
  -------------------------------------------------------------------    -------------------

Slack:                    inf
  Source:                 seg_reg[3]/C
                            (rising edge-triggered cell FDRE clocked by sys_clk_pin  {rise@0.000ns fall@5.000ns period=10.000ns})
  Destination:            seg[3]
                            (output port)
  Path Group:             (none)
  Path Type:              Min at Fast Process Corner
  Data Path Delay:        1.833ns  (logic 1.432ns (78.132%)  route 0.401ns (21.868%))
  Logic Levels:           1  (OBUF=1)
  Clock Uncertainty:      0.025ns  ((TSJ^2 + TIJ^2)^1/2 + DJ) / 2 + PE
    Total System Jitter     (TSJ):    0.050ns
    Total Input Jitter      (TIJ):    0.000ns
    Discrete Jitter          (DJ):    0.000ns
    Phase Error              (PE):    0.000ns

    Location             Delay type                Incr(ns)  Path(ns)    Netlist Resource(s)
  -------------------------------------------------------------------    -------------------
                         (clock sys_clk_pin rise edge)
                                                      0.000     0.000 r  
    E3                                                0.000     0.000 r  clk (IN)
                         net (fo=0)                   0.000     0.000    clk
    E3                   IBUF (Prop_ibuf_I_O)         0.250     0.250 r  clk_IBUF_inst/O
                         net (fo=1, routed)           0.644     0.894    clk_IBUF
    BUFGCTRL_X0Y16       BUFG (Prop_bufg_I_O)         0.026     0.920 r  clk_IBUF_BUFG_inst/O
                         net (fo=91, routed)          0.596     1.515    clk_IBUF_BUFG
    SLICE_X0Y139         FDRE                                         r  seg_reg[3]/C
  -------------------------------------------------------------------    -------------------
    SLICE_X0Y139         FDRE (Prop_fdre_C_Q)         0.128     1.643 r  seg_reg[3]/Q
                         net (fo=1, routed)           0.401     2.044    seg_OBUF[3]
    D12                  OBUF (Prop_obuf_I_O)         1.304     3.349 r  seg_OBUF[3]_inst/O
                         net (fo=0)                   0.000     3.349    seg[3]
    D12                                                               r  seg[3] (OUT)
  -------------------------------------------------------------------    -------------------

Slack:                    inf
  Source:                 seg_reg[2]/C
                            (rising edge-triggered cell FDRE clocked by sys_clk_pin  {rise@0.000ns fall@5.000ns period=10.000ns})
  Destination:            seg[2]
                            (output port)
  Path Group:             (none)
  Path Type:              Min at Fast Process Corner
  Data Path Delay:        1.833ns  (logic 1.408ns (76.790%)  route 0.425ns (23.210%))
  Logic Levels:           1  (OBUF=1)
  Clock Uncertainty:      0.025ns  ((TSJ^2 + TIJ^2)^1/2 + DJ) / 2 + PE
    Total System Jitter     (TSJ):    0.050ns
    Total Input Jitter      (TIJ):    0.000ns
    Discrete Jitter          (DJ):    0.000ns
    Phase Error              (PE):    0.000ns

    Location             Delay type                Incr(ns)  Path(ns)    Netlist Resource(s)
  -------------------------------------------------------------------    -------------------
                         (clock sys_clk_pin rise edge)
                                                      0.000     0.000 r  
    E3                                                0.000     0.000 r  clk (IN)
                         net (fo=0)                   0.000     0.000    clk
    E3                   IBUF (Prop_ibuf_I_O)         0.250     0.250 r  clk_IBUF_inst/O
                         net (fo=1, routed)           0.644     0.894    clk_IBUF
    BUFGCTRL_X0Y16       BUFG (Prop_bufg_I_O)         0.026     0.920 r  clk_IBUF_BUFG_inst/O
                         net (fo=91, routed)          0.599     1.518    clk_IBUF_BUFG
    SLICE_X0Y149         FDRE                                         r  seg_reg[2]/C
  -------------------------------------------------------------------    -------------------
    SLICE_X0Y149         FDRE (Prop_fdre_C_Q)         0.141     1.659 r  seg_reg[2]/Q
                         net (fo=1, routed)           0.425     2.085    seg_OBUF[2]
    A11                  OBUF (Prop_obuf_I_O)         1.267     3.352 r  seg_OBUF[2]_inst/O
                         net (fo=0)                   0.000     3.352    seg[2]
    A11                                                               r  seg[2] (OUT)
  -------------------------------------------------------------------    -------------------

Slack:                    inf
  Source:                 an_reg[0]/C
                            (rising edge-triggered cell FDRE clocked by sys_clk_pin  {rise@0.000ns fall@5.000ns period=10.000ns})
  Destination:            an[0]
                            (output port)
  Path Group:             (none)
  Path Type:              Min at Fast Process Corner
  Data Path Delay:        1.883ns  (logic 1.376ns (73.084%)  route 0.507ns (26.916%))
  Logic Levels:           1  (OBUF=1)
  Clock Uncertainty:      0.025ns  ((TSJ^2 + TIJ^2)^1/2 + DJ) / 2 + PE
    Total System Jitter     (TSJ):    0.050ns
    Total Input Jitter      (TIJ):    0.000ns
    Discrete Jitter          (DJ):    0.000ns
    Phase Error              (PE):    0.000ns

    Location             Delay type                Incr(ns)  Path(ns)    Netlist Resource(s)
  -------------------------------------------------------------------    -------------------
                         (clock sys_clk_pin rise edge)
                                                      0.000     0.000 r  
    E3                                                0.000     0.000 r  clk (IN)
                         net (fo=0)                   0.000     0.000    clk
    E3                   IBUF (Prop_ibuf_I_O)         0.250     0.250 r  clk_IBUF_inst/O
                         net (fo=1, routed)           0.644     0.894    clk_IBUF
    BUFGCTRL_X0Y16       BUFG (Prop_bufg_I_O)         0.026     0.920 r  clk_IBUF_BUFG_inst/O
                         net (fo=91, routed)          0.596     1.515    clk_IBUF_BUFG
    SLICE_X0Y139         FDRE                                         r  an_reg[0]/C
  -------------------------------------------------------------------    -------------------
    SLICE_X0Y139         FDRE (Prop_fdre_C_Q)         0.141     1.656 r  an_reg[0]/Q
                         net (fo=1, routed)           0.507     2.163    an_OBUF[0]
    E15                  OBUF (Prop_obuf_I_O)         1.235     3.399 r  an_OBUF[0]_inst/O
                         net (fo=0)                   0.000     3.399    an[0]
    E15                                                               r  an[0] (OUT)
  -------------------------------------------------------------------    -------------------

Slack:                    inf
  Source:                 an_reg[2]/C
                            (rising edge-triggered cell FDRE clocked by sys_clk_pin  {rise@0.000ns fall@5.000ns period=10.000ns})
  Destination:            an[2]
                            (output port)
  Path Group:             (none)
  Path Type:              Min at Fast Process Corner
  Data Path Delay:        1.896ns  (logic 1.380ns (72.795%)  route 0.516ns (27.205%))
  Logic Levels:           1  (OBUF=1)
  Clock Uncertainty:      0.025ns  ((TSJ^2 + TIJ^2)^1/2 + DJ) / 2 + PE
    Total System Jitter     (TSJ):    0.050ns
    Total Input Jitter      (TIJ):    0.000ns
    Discrete Jitter          (DJ):    0.000ns
    Phase Error              (PE):    0.000ns

    Location             Delay type                Incr(ns)  Path(ns)    Netlist Resource(s)
  -------------------------------------------------------------------    -------------------
                         (clock sys_clk_pin rise edge)
                                                      0.000     0.000 r  
    E3                                                0.000     0.000 r  clk (IN)
                         net (fo=0)                   0.000     0.000    clk
    E3                   IBUF (Prop_ibuf_I_O)         0.250     0.250 r  clk_IBUF_inst/O
                         net (fo=1, routed)           0.644     0.894    clk_IBUF
    BUFGCTRL_X0Y16       BUFG (Prop_bufg_I_O)         0.026     0.920 r  clk_IBUF_BUFG_inst/O
                         net (fo=91, routed)          0.596     1.515    clk_IBUF_BUFG
    SLICE_X0Y139         FDRE                                         r  an_reg[2]/C
  -------------------------------------------------------------------    -------------------
    SLICE_X0Y139         FDRE (Prop_fdre_C_Q)         0.141     1.656 r  an_reg[2]/Q
                         net (fo=1, routed)           0.516     2.172    an_OBUF[2]
    D15                  OBUF (Prop_obuf_I_O)         1.239     3.411 r  an_OBUF[2]_inst/O
                         net (fo=0)                   0.000     3.411    an[2]
    D15                                                               r  an[2] (OUT)
  -------------------------------------------------------------------    -------------------

Slack:                    inf
  Source:                 seg_reg[1]/C
                            (rising edge-triggered cell FDRE clocked by sys_clk_pin  {rise@0.000ns fall@5.000ns period=10.000ns})
  Destination:            seg[1]
                            (output port)
  Path Group:             (none)
  Path Type:              Min at Fast Process Corner
  Data Path Delay:        1.833ns  (logic 1.406ns (76.718%)  route 0.427ns (23.282%))
  Logic Levels:           1  (OBUF=1)
  Clock Uncertainty:      0.025ns  ((TSJ^2 + TIJ^2)^1/2 + DJ) / 2 + PE
    Total System Jitter     (TSJ):    0.050ns
    Total Input Jitter      (TIJ):    0.000ns
    Discrete Jitter          (DJ):    0.000ns
    Phase Error              (PE):    0.000ns

    Location             Delay type                Incr(ns)  Path(ns)    Netlist Resource(s)
  -------------------------------------------------------------------    -------------------
                         (clock sys_clk_pin rise edge)
                                                      0.000     0.000 r  
    E3                                                0.000     0.000 r  clk (IN)
                         net (fo=0)                   0.000     0.000    clk
    E3                   IBUF (Prop_ibuf_I_O)         0.250     0.250 r  clk_IBUF_inst/O
                         net (fo=1, routed)           0.644     0.894    clk_IBUF
    BUFGCTRL_X0Y16       BUFG (Prop_bufg_I_O)         0.026     0.920 r  clk_IBUF_BUFG_inst/O
                         net (fo=91, routed)          0.681     1.601    clk_IBUF_BUFG
    SLICE_X0Y150         FDRE                                         r  seg_reg[1]/C
  -------------------------------------------------------------------    -------------------
    SLICE_X0Y150         FDRE (Prop_fdre_C_Q)         0.141     1.742 r  seg_reg[1]/Q
                         net (fo=1, routed)           0.427     2.169    seg_OBUF[1]
    B11                  OBUF (Prop_obuf_I_O)         1.265     3.434 r  seg_OBUF[1]_inst/O
                         net (fo=0)                   0.000     3.434    seg[1]
    B11                                                               r  seg[1] (OUT)
  -------------------------------------------------------------------    -------------------

Slack:                    inf
  Source:                 an_reg[1]/C
                            (rising edge-triggered cell FDRE clocked by sys_clk_pin  {rise@0.000ns fall@5.000ns period=10.000ns})
  Destination:            an[1]
                            (output port)
  Path Group:             (none)
  Path Type:              Min at Fast Process Corner
  Data Path Delay:        1.939ns  (logic 1.429ns (73.688%)  route 0.510ns (26.312%))
  Logic Levels:           1  (OBUF=1)
  Clock Uncertainty:      0.025ns  ((TSJ^2 + TIJ^2)^1/2 + DJ) / 2 + PE
    Total System Jitter     (TSJ):    0.050ns
    Total Input Jitter      (TIJ):    0.000ns
    Discrete Jitter          (DJ):    0.000ns
    Phase Error              (PE):    0.000ns

    Location             Delay type                Incr(ns)  Path(ns)    Netlist Resource(s)
  -------------------------------------------------------------------    -------------------
                         (clock sys_clk_pin rise edge)
                                                      0.000     0.000 r  
    E3                                                0.000     0.000 r  clk (IN)
                         net (fo=0)                   0.000     0.000    clk
    E3                   IBUF (Prop_ibuf_I_O)         0.250     0.250 r  clk_IBUF_inst/O
                         net (fo=1, routed)           0.644     0.894    clk_IBUF
    BUFGCTRL_X0Y16       BUFG (Prop_bufg_I_O)         0.026     0.920 r  clk_IBUF_BUFG_inst/O
                         net (fo=91, routed)          0.596     1.515    clk_IBUF_BUFG
    SLICE_X0Y139         FDRE                                         r  an_reg[1]/C
  -------------------------------------------------------------------    -------------------
    SLICE_X0Y139         FDRE (Prop_fdre_C_Q)         0.128     1.643 r  an_reg[1]/Q
                         net (fo=1, routed)           0.510     2.154    an_OBUF[1]
    E16                  OBUF (Prop_obuf_I_O)         1.301     3.455 r  an_OBUF[1]_inst/O
                         net (fo=0)                   0.000     3.455    an[1]
    E16                                                               r  an[1] (OUT)
  -------------------------------------------------------------------    -------------------

Slack:                    inf
  Source:                 an_reg[3]/C
                            (rising edge-triggered cell FDRE clocked by sys_clk_pin  {rise@0.000ns fall@5.000ns period=10.000ns})
  Destination:            an[3]
                            (output port)
  Path Group:             (none)
  Path Type:              Min at Fast Process Corner
  Data Path Delay:        2.062ns  (logic 1.381ns (66.964%)  route 0.681ns (33.036%))
  Logic Levels:           1  (OBUF=1)
  Clock Uncertainty:      0.025ns  ((TSJ^2 + TIJ^2)^1/2 + DJ) / 2 + PE
    Total System Jitter     (TSJ):    0.050ns
    Total Input Jitter      (TIJ):    0.000ns
    Discrete Jitter          (DJ):    0.000ns
    Phase Error              (PE):    0.000ns

    Location             Delay type                Incr(ns)  Path(ns)    Netlist Resource(s)
  -------------------------------------------------------------------    -------------------
                         (clock sys_clk_pin rise edge)
                                                      0.000     0.000 r  
    E3                                                0.000     0.000 r  clk (IN)
                         net (fo=0)                   0.000     0.000    clk
    E3                   IBUF (Prop_ibuf_I_O)         0.250     0.250 r  clk_IBUF_inst/O
                         net (fo=1, routed)           0.644     0.894    clk_IBUF
    BUFGCTRL_X0Y16       BUFG (Prop_bufg_I_O)         0.026     0.920 r  clk_IBUF_BUFG_inst/O
                         net (fo=91, routed)          0.598     1.517    clk_IBUF_BUFG
    SLICE_X0Y146         FDRE                                         r  an_reg[3]/C
  -------------------------------------------------------------------    -------------------
    SLICE_X0Y146         FDRE (Prop_fdre_C_Q)         0.141     1.658 r  an_reg[3]/Q
                         net (fo=1, routed)           0.681     2.340    an_OBUF[3]
    C15                  OBUF (Prop_obuf_I_O)         1.240     3.579 r  an_OBUF[3]_inst/O
                         net (fo=0)                   0.000     3.579    an[3]
    C15                                                               r  an[3] (OUT)
  -------------------------------------------------------------------    -------------------





--------------------------------------------------------------------------------------
Path Group:  (none)
From Clock:  
  To Clock:  sys_clk_pin

Max Delay           115 Endpoints
Min Delay           115 Endpoints
--------------------------------------------------------------------------------------


Max Delay Paths
--------------------------------------------------------------------------------------
Slack:                    inf
  Source:                 start_btn
                            (input port)
  Destination:            db_count_reg[17]/D
                            (rising edge-triggered cell FDCE clocked by sys_clk_pin  {rise@0.000ns fall@5.000ns period=10.000ns})
  Path Group:             (none)
  Path Type:              Setup (Max at Slow Process Corner)
  Data Path Delay:        6.319ns  (logic 2.719ns (43.034%)  route 3.600ns (56.966%))
  Logic Levels:           7  (CARRY4=5 IBUF=1 LUT3=1)
  Clock Path Skew:        5.006ns (DCD - SCD + CPR)
    Destination Clock Delay (DCD):    5.006ns
    Source Clock Delay      (SCD):    0.000ns
    Clock Pessimism Removal (CPR):    0.000ns
  Clock Uncertainty:      0.025ns  ((TSJ^2 + TIJ^2)^1/2 + DJ) / 2 + PE
    Total System Jitter     (TSJ):    0.050ns
    Total Input Jitter      (TIJ):    0.000ns
    Discrete Jitter          (DJ):    0.000ns
    Phase Error              (PE):    0.000ns

    Location             Delay type                Incr(ns)  Path(ns)    Netlist Resource(s)
  -------------------------------------------------------------------    -------------------
    C9                                                0.000     0.000 r  start_btn (IN)
                         net (fo=0)                   0.000     0.000    start_btn
    C9                   IBUF (Prop_ibuf_I_O)         1.518     1.518 r  start_btn_IBUF_inst/O
                         net (fo=25, routed)          3.600     5.118    start_btn_IBUF
    SLICE_X3Y132         LUT3 (Prop_lut3_I1_O)        0.124     5.242 r  db_count[0]_i_4/O
                         net (fo=1, routed)           0.000     5.242    db_count[0]_i_4_n_0
    SLICE_X3Y132         CARRY4 (Prop_carry4_S[3]_CO[3])
                                                      0.401     5.643 r  db_count_reg[0]_i_2/CO[3]
                         net (fo=1, routed)           0.000     5.643    db_count_reg[0]_i_2_n_0
    SLICE_X3Y133         CARRY4 (Prop_carry4_CI_CO[3])
                                                      0.114     5.757 r  db_count_reg[4]_i_1/CO[3]
                         net (fo=1, routed)           0.000     5.757    db_count_reg[4]_i_1_n_0
    SLICE_X3Y134         CARRY4 (Prop_carry4_CI_CO[3])
                                                      0.114     5.871 r  db_count_reg[8]_i_1/CO[3]
                         net (fo=1, routed)           0.000     5.871    db_count_reg[8]_i_1_n_0
    SLICE_X3Y135         CARRY4 (Prop_carry4_CI_CO[3])
                                                      0.114     5.985 r  db_count_reg[12]_i_1/CO[3]
                         net (fo=1, routed)           0.000     5.985    db_count_reg[12]_i_1_n_0
    SLICE_X3Y136         CARRY4 (Prop_carry4_CI_O[1])
                                                      0.334     6.319 r  db_count_reg[16]_i_1/O[1]
                         net (fo=1, routed)           0.000     6.319    db_count_reg[16]_i_1_n_6
    SLICE_X3Y136         FDCE                                         r  db_count_reg[17]/D
  -------------------------------------------------------------------    -------------------

                         (clock sys_clk_pin rise edge)
                                                      0.000     0.000 r  
    E3                                                0.000     0.000 r  clk (IN)
                         net (fo=0)                   0.000     0.000    clk
    E3                   IBUF (Prop_ibuf_I_O)         1.411     1.411 r  clk_IBUF_inst/O
                         net (fo=1, routed)           1.920     3.331    clk_IBUF
    BUFGCTRL_X0Y16       BUFG (Prop_bufg_I_O)         0.091     3.422 r  clk_IBUF_BUFG_inst/O
                         net (fo=91, routed)          1.584     5.006    clk_IBUF_BUFG
    SLICE_X3Y136         FDCE                                         r  db_count_reg[17]/C

Slack:                    inf
  Source:                 start_btn
                            (input port)
  Destination:            db_count_reg[19]/D
                            (rising edge-triggered cell FDCE clocked by sys_clk_pin  {rise@0.000ns fall@5.000ns period=10.000ns})
  Path Group:             (none)
  Path Type:              Setup (Max at Slow Process Corner)
  Data Path Delay:        6.298ns  (logic 2.698ns (42.844%)  route 3.600ns (57.156%))
  Logic Levels:           7  (CARRY4=5 IBUF=1 LUT3=1)
  Clock Path Skew:        5.006ns (DCD - SCD + CPR)
    Destination Clock Delay (DCD):    5.006ns
    Source Clock Delay      (SCD):    0.000ns
    Clock Pessimism Removal (CPR):    0.000ns
  Clock Uncertainty:      0.025ns  ((TSJ^2 + TIJ^2)^1/2 + DJ) / 2 + PE
    Total System Jitter     (TSJ):    0.050ns
    Total Input Jitter      (TIJ):    0.000ns
    Discrete Jitter          (DJ):    0.000ns
    Phase Error              (PE):    0.000ns

    Location             Delay type                Incr(ns)  Path(ns)    Netlist Resource(s)
  -------------------------------------------------------------------    -------------------
    C9                                                0.000     0.000 r  start_btn (IN)
                         net (fo=0)                   0.000     0.000    start_btn
    C9                   IBUF (Prop_ibuf_I_O)         1.518     1.518 r  start_btn_IBUF_inst/O
                         net (fo=25, routed)          3.600     5.118    start_btn_IBUF
    SLICE_X3Y132         LUT3 (Prop_lut3_I1_O)        0.124     5.242 r  db_count[0]_i_4/O
                         net (fo=1, routed)           0.000     5.242    db_count[0]_i_4_n_0
    SLICE_X3Y132         CARRY4 (Prop_carry4_S[3]_CO[3])
                                                      0.401     5.643 r  db_count_reg[0]_i_2/CO[3]
                         net (fo=1, routed)           0.000     5.643    db_count_reg[0]_i_2_n_0
    SLICE_X3Y133         CARRY4 (Prop_carry4_CI_CO[3])
                                                      0.114     5.757 r  db_count_reg[4]_i_1/CO[3]
                         net (fo=1, routed)           0.000     5.757    db_count_reg[4]_i_1_n_0
    SLICE_X3Y134         CARRY4 (Prop_carry4_CI_CO[3])
                                                      0.114     5.871 r  db_count_reg[8]_i_1/CO[3]
                         net (fo=1, routed)           0.000     5.871    db_count_reg[8]_i_1_n_0
    SLICE_X3Y135         CARRY4 (Prop_carry4_CI_CO[3])
                                                      0.114     5.985 r  db_count_reg[12]_i_1/CO[3]
                         net (fo=1, routed)           0.000     5.985    db_count_reg[12]_i_1_n_0
    SLICE_X3Y136         CARRY4 (Prop_carry4_CI_O[3])
                                                      0.313     6.298 r  db_count_reg[16]_i_1/O[3]
                         net (fo=1, routed)           0.000     6.298    db_count_reg[16]_i_1_n_4
    SLICE_X3Y136         FDCE                                         r  db_count_reg[19]/D
  -------------------------------------------------------------------    -------------------

                         (clock sys_clk_pin rise edge)
                                                      0.000     0.000 r  
    E3                                                0.000     0.000 r  clk (IN)
                         net (fo=0)                   0.000     0.000    clk
    E3                   IBUF (Prop_ibuf_I_O)         1.411     1.411 r  clk_IBUF_inst/O
                         net (fo=1, routed)           1.920     3.331    clk_IBUF
    BUFGCTRL_X0Y16       BUFG (Prop_bufg_I_O)         0.091     3.422 r  clk_IBUF_BUFG_inst/O
                         net (fo=91, routed)          1.584     5.006    clk_IBUF_BUFG
    SLICE_X3Y136         FDCE                                         r  db_count_reg[19]/C

Slack:                    inf
  Source:                 start_btn
                            (input port)
  Destination:            db_count_reg[18]/D
                            (rising edge-triggered cell FDCE clocked by sys_clk_pin  {rise@0.000ns fall@5.000ns period=10.000ns})
  Path Group:             (none)
  Path Type:              Setup (Max at Slow Process Corner)
  Data Path Delay:        6.224ns  (logic 2.624ns (42.165%)  route 3.600ns (57.835%))
  Logic Levels:           7  (CARRY4=5 IBUF=1 LUT3=1)
  Clock Path Skew:        5.006ns (DCD - SCD + CPR)
    Destination Clock Delay (DCD):    5.006ns
    Source Clock Delay      (SCD):    0.000ns
    Clock Pessimism Removal (CPR):    0.000ns
  Clock Uncertainty:      0.025ns  ((TSJ^2 + TIJ^2)^1/2 + DJ) / 2 + PE
    Total System Jitter     (TSJ):    0.050ns
    Total Input Jitter      (TIJ):    0.000ns
    Discrete Jitter          (DJ):    0.000ns
    Phase Error              (PE):    0.000ns

    Location             Delay type                Incr(ns)  Path(ns)    Netlist Resource(s)
  -------------------------------------------------------------------    -------------------
    C9                                                0.000     0.000 r  start_btn (IN)
                         net (fo=0)                   0.000     0.000    start_btn
    C9                   IBUF (Prop_ibuf_I_O)         1.518     1.518 r  start_btn_IBUF_inst/O
                         net (fo=25, routed)          3.600     5.118    start_btn_IBUF
    SLICE_X3Y132         LUT3 (Prop_lut3_I1_O)        0.124     5.242 r  db_count[0]_i_4/O
                         net (fo=1, routed)           0.000     5.242    db_count[0]_i_4_n_0
    SLICE_X3Y132         CARRY4 (Prop_carry4_S[3]_CO[3])
                                                      0.401     5.643 r  db_count_reg[0]_i_2/CO[3]
                         net (fo=1, routed)           0.000     5.643    db_count_reg[0]_i_2_n_0
    SLICE_X3Y133         CARRY4 (Prop_carry4_CI_CO[3])
                                                      0.114     5.757 r  db_count_reg[4]_i_1/CO[3]
                         net (fo=1, routed)           0.000     5.757    db_count_reg[4]_i_1_n_0
    SLICE_X3Y134         CARRY4 (Prop_carry4_CI_CO[3])
                                                      0.114     5.871 r  db_count_reg[8]_i_1/CO[3]
                         net (fo=1, routed)           0.000     5.871    db_count_reg[8]_i_1_n_0
    SLICE_X3Y135         CARRY4 (Prop_carry4_CI_CO[3])
                                                      0.114     5.985 r  db_count_reg[12]_i_1/CO[3]
                         net (fo=1, routed)           0.000     5.985    db_count_reg[12]_i_1_n_0
    SLICE_X3Y136         CARRY4 (Prop_carry4_CI_O[2])
                                                      0.239     6.224 r  db_count_reg[16]_i_1/O[2]
                         net (fo=1, routed)           0.000     6.224    db_count_reg[16]_i_1_n_5
    SLICE_X3Y136         FDCE                                         r  db_count_reg[18]/D
  -------------------------------------------------------------------    -------------------

                         (clock sys_clk_pin rise edge)
                                                      0.000     0.000 r  
    E3                                                0.000     0.000 r  clk (IN)
                         net (fo=0)                   0.000     0.000    clk
    E3                   IBUF (Prop_ibuf_I_O)         1.411     1.411 r  clk_IBUF_inst/O
                         net (fo=1, routed)           1.920     3.331    clk_IBUF
    BUFGCTRL_X0Y16       BUFG (Prop_bufg_I_O)         0.091     3.422 r  clk_IBUF_BUFG_inst/O
                         net (fo=91, routed)          1.584     5.006    clk_IBUF_BUFG
    SLICE_X3Y136         FDCE                                         r  db_count_reg[18]/C

Slack:                    inf
  Source:                 start_btn
                            (input port)
  Destination:            db_count_reg[16]/D
                            (rising edge-triggered cell FDCE clocked by sys_clk_pin  {rise@0.000ns fall@5.000ns period=10.000ns})
  Path Group:             (none)
  Path Type:              Setup (Max at Slow Process Corner)
  Data Path Delay:        6.208ns  (logic 2.608ns (42.016%)  route 3.600ns (57.984%))
  Logic Levels:           7  (CARRY4=5 IBUF=1 LUT3=1)
  Clock Path Skew:        5.006ns (DCD - SCD + CPR)
    Destination Clock Delay (DCD):    5.006ns
    Source Clock Delay      (SCD):    0.000ns
    Clock Pessimism Removal (CPR):    0.000ns
  Clock Uncertainty:      0.025ns  ((TSJ^2 + TIJ^2)^1/2 + DJ) / 2 + PE
    Total System Jitter     (TSJ):    0.050ns
    Total Input Jitter      (TIJ):    0.000ns
    Discrete Jitter          (DJ):    0.000ns
    Phase Error              (PE):    0.000ns

    Location             Delay type                Incr(ns)  Path(ns)    Netlist Resource(s)
  -------------------------------------------------------------------    -------------------
    C9                                                0.000     0.000 r  start_btn (IN)
                         net (fo=0)                   0.000     0.000    start_btn
    C9                   IBUF (Prop_ibuf_I_O)         1.518     1.518 r  start_btn_IBUF_inst/O
                         net (fo=25, routed)          3.600     5.118    start_btn_IBUF
    SLICE_X3Y132         LUT3 (Prop_lut3_I1_O)        0.124     5.242 r  db_count[0]_i_4/O
                         net (fo=1, routed)           0.000     5.242    db_count[0]_i_4_n_0
    SLICE_X3Y132         CARRY4 (Prop_carry4_S[3]_CO[3])
                                                      0.401     5.643 r  db_count_reg[0]_i_2/CO[3]
                         net (fo=1, routed)           0.000     5.643    db_count_reg[0]_i_2_n_0
    SLICE_X3Y133         CARRY4 (Prop_carry4_CI_CO[3])
                                                      0.114     5.757 r  db_count_reg[4]_i_1/CO[3]
                         net (fo=1, routed)           0.000     5.757    db_count_reg[4]_i_1_n_0
    SLICE_X3Y134         CARRY4 (Prop_carry4_CI_CO[3])
                                                      0.114     5.871 r  db_count_reg[8]_i_1/CO[3]
                         net (fo=1, routed)           0.000     5.871    db_count_reg[8]_i_1_n_0
    SLICE_X3Y135         CARRY4 (Prop_carry4_CI_CO[3])
                                                      0.114     5.985 r  db_count_reg[12]_i_1/CO[3]
                         net (fo=1, routed)           0.000     5.985    db_count_reg[12]_i_1_n_0
    SLICE_X3Y136         CARRY4 (Prop_carry4_CI_O[0])
                                                      0.223     6.208 r  db_count_reg[16]_i_1/O[0]
                         net (fo=1, routed)           0.000     6.208    db_count_reg[16]_i_1_n_7
    SLICE_X3Y136         FDCE                                         r  db_count_reg[16]/D
  -------------------------------------------------------------------    -------------------

                         (clock sys_clk_pin rise edge)
                                                      0.000     0.000 r  
    E3                                                0.000     0.000 r  clk (IN)
                         net (fo=0)                   0.000     0.000    clk
    E3                   IBUF (Prop_ibuf_I_O)         1.411     1.411 r  clk_IBUF_inst/O
                         net (fo=1, routed)           1.920     3.331    clk_IBUF
    BUFGCTRL_X0Y16       BUFG (Prop_bufg_I_O)         0.091     3.422 r  clk_IBUF_BUFG_inst/O
                         net (fo=91, routed)          1.584     5.006    clk_IBUF_BUFG
    SLICE_X3Y136         FDCE                                         r  db_count_reg[16]/C

Slack:                    inf
  Source:                 start_btn
                            (input port)
  Destination:            db_count_reg[13]/D
                            (rising edge-triggered cell FDCE clocked by sys_clk_pin  {rise@0.000ns fall@5.000ns period=10.000ns})
  Path Group:             (none)
  Path Type:              Setup (Max at Slow Process Corner)
  Data Path Delay:        6.205ns  (logic 2.605ns (41.988%)  route 3.600ns (58.012%))
  Logic Levels:           6  (CARRY4=4 IBUF=1 LUT3=1)
  Clock Path Skew:        5.006ns (DCD - SCD + CPR)
    Destination Clock Delay (DCD):    5.006ns
    Source Clock Delay      (SCD):    0.000ns
    Clock Pessimism Removal (CPR):    0.000ns
  Clock Uncertainty:      0.025ns  ((TSJ^2 + TIJ^2)^1/2 + DJ) / 2 + PE
    Total System Jitter     (TSJ):    0.050ns
    Total Input Jitter      (TIJ):    0.000ns
    Discrete Jitter          (DJ):    0.000ns
    Phase Error              (PE):    0.000ns

    Location             Delay type                Incr(ns)  Path(ns)    Netlist Resource(s)
  -------------------------------------------------------------------    -------------------
    C9                                                0.000     0.000 r  start_btn (IN)
                         net (fo=0)                   0.000     0.000    start_btn
    C9                   IBUF (Prop_ibuf_I_O)         1.518     1.518 r  start_btn_IBUF_inst/O
                         net (fo=25, routed)          3.600     5.118    start_btn_IBUF
    SLICE_X3Y132         LUT3 (Prop_lut3_I1_O)        0.124     5.242 r  db_count[0]_i_4/O
                         net (fo=1, routed)           0.000     5.242    db_count[0]_i_4_n_0
    SLICE_X3Y132         CARRY4 (Prop_carry4_S[3]_CO[3])
                                                      0.401     5.643 r  db_count_reg[0]_i_2/CO[3]
                         net (fo=1, routed)           0.000     5.643    db_count_reg[0]_i_2_n_0
    SLICE_X3Y133         CARRY4 (Prop_carry4_CI_CO[3])
                                                      0.114     5.757 r  db_count_reg[4]_i_1/CO[3]
                         net (fo=1, routed)           0.000     5.757    db_count_reg[4]_i_1_n_0
    SLICE_X3Y134         CARRY4 (Prop_carry4_CI_CO[3])
                                                      0.114     5.871 r  db_count_reg[8]_i_1/CO[3]
                         net (fo=1, routed)           0.000     5.871    db_count_reg[8]_i_1_n_0
    SLICE_X3Y135         CARRY4 (Prop_carry4_CI_O[1])
                                                      0.334     6.205 r  db_count_reg[12]_i_1/O[1]
                         net (fo=1, routed)           0.000     6.205    db_count_reg[12]_i_1_n_6
    SLICE_X3Y135         FDCE                                         r  db_count_reg[13]/D
  -------------------------------------------------------------------    -------------------

                         (clock sys_clk_pin rise edge)
                                                      0.000     0.000 r  
    E3                                                0.000     0.000 r  clk (IN)
                         net (fo=0)                   0.000     0.000    clk
    E3                   IBUF (Prop_ibuf_I_O)         1.411     1.411 r  clk_IBUF_inst/O
                         net (fo=1, routed)           1.920     3.331    clk_IBUF
    BUFGCTRL_X0Y16       BUFG (Prop_bufg_I_O)         0.091     3.422 r  clk_IBUF_BUFG_inst/O
                         net (fo=91, routed)          1.584     5.006    clk_IBUF_BUFG
    SLICE_X3Y135         FDCE                                         r  db_count_reg[13]/C

Slack:                    inf
  Source:                 start_btn
                            (input port)
  Destination:            db_count_reg[15]/D
                            (rising edge-triggered cell FDCE clocked by sys_clk_pin  {rise@0.000ns fall@5.000ns period=10.000ns})
  Path Group:             (none)
  Path Type:              Setup (Max at Slow Process Corner)
  Data Path Delay:        6.184ns  (logic 2.584ns (41.791%)  route 3.600ns (58.209%))
  Logic Levels:           6  (CARRY4=4 IBUF=1 LUT3=1)
  Clock Path Skew:        5.006ns (DCD - SCD + CPR)
    Destination Clock Delay (DCD):    5.006ns
    Source Clock Delay      (SCD):    0.000ns
    Clock Pessimism Removal (CPR):    0.000ns
  Clock Uncertainty:      0.025ns  ((TSJ^2 + TIJ^2)^1/2 + DJ) / 2 + PE
    Total System Jitter     (TSJ):    0.050ns
    Total Input Jitter      (TIJ):    0.000ns
    Discrete Jitter          (DJ):    0.000ns
    Phase Error              (PE):    0.000ns

    Location             Delay type                Incr(ns)  Path(ns)    Netlist Resource(s)
  -------------------------------------------------------------------    -------------------
    C9                                                0.000     0.000 r  start_btn (IN)
                         net (fo=0)                   0.000     0.000    start_btn
    C9                   IBUF (Prop_ibuf_I_O)         1.518     1.518 r  start_btn_IBUF_inst/O
                         net (fo=25, routed)          3.600     5.118    start_btn_IBUF
    SLICE_X3Y132         LUT3 (Prop_lut3_I1_O)        0.124     5.242 r  db_count[0]_i_4/O
                         net (fo=1, routed)           0.000     5.242    db_count[0]_i_4_n_0
    SLICE_X3Y132         CARRY4 (Prop_carry4_S[3]_CO[3])
                                                      0.401     5.643 r  db_count_reg[0]_i_2/CO[3]
                         net (fo=1, routed)           0.000     5.643    db_count_reg[0]_i_2_n_0
    SLICE_X3Y133         CARRY4 (Prop_carry4_CI_CO[3])
                                                      0.114     5.757 r  db_count_reg[4]_i_1/CO[3]
                         net (fo=1, routed)           0.000     5.757    db_count_reg[4]_i_1_n_0
    SLICE_X3Y134         CARRY4 (Prop_carry4_CI_CO[3])
                                                      0.114     5.871 r  db_count_reg[8]_i_1/CO[3]
                         net (fo=1, routed)           0.000     5.871    db_count_reg[8]_i_1_n_0
    SLICE_X3Y135         CARRY4 (Prop_carry4_CI_O[3])
                                                      0.313     6.184 r  db_count_reg[12]_i_1/O[3]
                         net (fo=1, routed)           0.000     6.184    db_count_reg[12]_i_1_n_4
    SLICE_X3Y135         FDCE                                         r  db_count_reg[15]/D
  -------------------------------------------------------------------    -------------------

                         (clock sys_clk_pin rise edge)
                                                      0.000     0.000 r  
    E3                                                0.000     0.000 r  clk (IN)
                         net (fo=0)                   0.000     0.000    clk
    E3                   IBUF (Prop_ibuf_I_O)         1.411     1.411 r  clk_IBUF_inst/O
                         net (fo=1, routed)           1.920     3.331    clk_IBUF
    BUFGCTRL_X0Y16       BUFG (Prop_bufg_I_O)         0.091     3.422 r  clk_IBUF_BUFG_inst/O
                         net (fo=91, routed)          1.584     5.006    clk_IBUF_BUFG
    SLICE_X3Y135         FDCE                                         r  db_count_reg[15]/C

Slack:                    inf
  Source:                 start_btn
                            (input port)
  Destination:            db_count_reg[14]/D
                            (rising edge-triggered cell FDCE clocked by sys_clk_pin  {rise@0.000ns fall@5.000ns period=10.000ns})
  Path Group:             (none)
  Path Type:              Setup (Max at Slow Process Corner)
  Data Path Delay:        6.110ns  (logic 2.510ns (41.086%)  route 3.600ns (58.914%))
  Logic Levels:           6  (CARRY4=4 IBUF=1 LUT3=1)
  Clock Path Skew:        5.006ns (DCD - SCD + CPR)
    Destination Clock Delay (DCD):    5.006ns
    Source Clock Delay      (SCD):    0.000ns
    Clock Pessimism Removal (CPR):    0.000ns
  Clock Uncertainty:      0.025ns  ((TSJ^2 + TIJ^2)^1/2 + DJ) / 2 + PE
    Total System Jitter     (TSJ):    0.050ns
    Total Input Jitter      (TIJ):    0.000ns
    Discrete Jitter          (DJ):    0.000ns
    Phase Error              (PE):    0.000ns

    Location             Delay type                Incr(ns)  Path(ns)    Netlist Resource(s)
  -------------------------------------------------------------------    -------------------
    C9                                                0.000     0.000 r  start_btn (IN)
                         net (fo=0)                   0.000     0.000    start_btn
    C9                   IBUF (Prop_ibuf_I_O)         1.518     1.518 r  start_btn_IBUF_inst/O
                         net (fo=25, routed)          3.600     5.118    start_btn_IBUF
    SLICE_X3Y132         LUT3 (Prop_lut3_I1_O)        0.124     5.242 r  db_count[0]_i_4/O
                         net (fo=1, routed)           0.000     5.242    db_count[0]_i_4_n_0
    SLICE_X3Y132         CARRY4 (Prop_carry4_S[3]_CO[3])
                                                      0.401     5.643 r  db_count_reg[0]_i_2/CO[3]
                         net (fo=1, routed)           0.000     5.643    db_count_reg[0]_i_2_n_0
    SLICE_X3Y133         CARRY4 (Prop_carry4_CI_CO[3])
                                                      0.114     5.757 r  db_count_reg[4]_i_1/CO[3]
                         net (fo=1, routed)           0.000     5.757    db_count_reg[4]_i_1_n_0
    SLICE_X3Y134         CARRY4 (Prop_carry4_CI_CO[3])
                                                      0.114     5.871 r  db_count_reg[8]_i_1/CO[3]
                         net (fo=1, routed)           0.000     5.871    db_count_reg[8]_i_1_n_0
    SLICE_X3Y135         CARRY4 (Prop_carry4_CI_O[2])
                                                      0.239     6.110 r  db_count_reg[12]_i_1/O[2]
                         net (fo=1, routed)           0.000     6.110    db_count_reg[12]_i_1_n_5
    SLICE_X3Y135         FDCE                                         r  db_count_reg[14]/D
  -------------------------------------------------------------------    -------------------

                         (clock sys_clk_pin rise edge)
                                                      0.000     0.000 r  
    E3                                                0.000     0.000 r  clk (IN)
                         net (fo=0)                   0.000     0.000    clk
    E3                   IBUF (Prop_ibuf_I_O)         1.411     1.411 r  clk_IBUF_inst/O
                         net (fo=1, routed)           1.920     3.331    clk_IBUF
    BUFGCTRL_X0Y16       BUFG (Prop_bufg_I_O)         0.091     3.422 r  clk_IBUF_BUFG_inst/O
                         net (fo=91, routed)          1.584     5.006    clk_IBUF_BUFG
    SLICE_X3Y135         FDCE                                         r  db_count_reg[14]/C

Slack:                    inf
  Source:                 start_btn
                            (input port)
  Destination:            db_count_reg[12]/D
                            (rising edge-triggered cell FDCE clocked by sys_clk_pin  {rise@0.000ns fall@5.000ns period=10.000ns})
  Path Group:             (none)
  Path Type:              Setup (Max at Slow Process Corner)
  Data Path Delay:        6.094ns  (logic 2.494ns (40.931%)  route 3.600ns (59.069%))
  Logic Levels:           6  (CARRY4=4 IBUF=1 LUT3=1)
  Clock Path Skew:        5.006ns (DCD - SCD + CPR)
    Destination Clock Delay (DCD):    5.006ns
    Source Clock Delay      (SCD):    0.000ns
    Clock Pessimism Removal (CPR):    0.000ns
  Clock Uncertainty:      0.025ns  ((TSJ^2 + TIJ^2)^1/2 + DJ) / 2 + PE
    Total System Jitter     (TSJ):    0.050ns
    Total Input Jitter      (TIJ):    0.000ns
    Discrete Jitter          (DJ):    0.000ns
    Phase Error              (PE):    0.000ns

    Location             Delay type                Incr(ns)  Path(ns)    Netlist Resource(s)
  -------------------------------------------------------------------    -------------------
    C9                                                0.000     0.000 r  start_btn (IN)
                         net (fo=0)                   0.000     0.000    start_btn
    C9                   IBUF (Prop_ibuf_I_O)         1.518     1.518 r  start_btn_IBUF_inst/O
                         net (fo=25, routed)          3.600     5.118    start_btn_IBUF
    SLICE_X3Y132         LUT3 (Prop_lut3_I1_O)        0.124     5.242 r  db_count[0]_i_4/O
                         net (fo=1, routed)           0.000     5.242    db_count[0]_i_4_n_0
    SLICE_X3Y132         CARRY4 (Prop_carry4_S[3]_CO[3])
                                                      0.401     5.643 r  db_count_reg[0]_i_2/CO[3]
                         net (fo=1, routed)           0.000     5.643    db_count_reg[0]_i_2_n_0
    SLICE_X3Y133         CARRY4 (Prop_carry4_CI_CO[3])
                                                      0.114     5.757 r  db_count_reg[4]_i_1/CO[3]
                         net (fo=1, routed)           0.000     5.757    db_count_reg[4]_i_1_n_0
    SLICE_X3Y134         CARRY4 (Prop_carry4_CI_CO[3])
                                                      0.114     5.871 r  db_count_reg[8]_i_1/CO[3]
                         net (fo=1, routed)           0.000     5.871    db_count_reg[8]_i_1_n_0
    SLICE_X3Y135         CARRY4 (Prop_carry4_CI_O[0])
                                                      0.223     6.094 r  db_count_reg[12]_i_1/O[0]
                         net (fo=1, routed)           0.000     6.094    db_count_reg[12]_i_1_n_7
    SLICE_X3Y135         FDCE                                         r  db_count_reg[12]/D
  -------------------------------------------------------------------    -------------------

                         (clock sys_clk_pin rise edge)
                                                      0.000     0.000 r  
    E3                                                0.000     0.000 r  clk (IN)
                         net (fo=0)                   0.000     0.000    clk
    E3                   IBUF (Prop_ibuf_I_O)         1.411     1.411 r  clk_IBUF_inst/O
                         net (fo=1, routed)           1.920     3.331    clk_IBUF
    BUFGCTRL_X0Y16       BUFG (Prop_bufg_I_O)         0.091     3.422 r  clk_IBUF_BUFG_inst/O
                         net (fo=91, routed)          1.584     5.006    clk_IBUF_BUFG
    SLICE_X3Y135         FDCE                                         r  db_count_reg[12]/C

Slack:                    inf
  Source:                 start_btn
                            (input port)
  Destination:            db_count_reg[9]/D
                            (rising edge-triggered cell FDCE clocked by sys_clk_pin  {rise@0.000ns fall@5.000ns period=10.000ns})
  Path Group:             (none)
  Path Type:              Setup (Max at Slow Process Corner)
  Data Path Delay:        6.091ns  (logic 2.491ns (40.902%)  route 3.600ns (59.098%))
  Logic Levels:           5  (CARRY4=3 IBUF=1 LUT3=1)
  Clock Path Skew:        5.005ns (DCD - SCD + CPR)
    Destination Clock Delay (DCD):    5.005ns
    Source Clock Delay      (SCD):    0.000ns
    Clock Pessimism Removal (CPR):    0.000ns
  Clock Uncertainty:      0.025ns  ((TSJ^2 + TIJ^2)^1/2 + DJ) / 2 + PE
    Total System Jitter     (TSJ):    0.050ns
    Total Input Jitter      (TIJ):    0.000ns
    Discrete Jitter          (DJ):    0.000ns
    Phase Error              (PE):    0.000ns

    Location             Delay type                Incr(ns)  Path(ns)    Netlist Resource(s)
  -------------------------------------------------------------------    -------------------
    C9                                                0.000     0.000 r  start_btn (IN)
                         net (fo=0)                   0.000     0.000    start_btn
    C9                   IBUF (Prop_ibuf_I_O)         1.518     1.518 r  start_btn_IBUF_inst/O
                         net (fo=25, routed)          3.600     5.118    start_btn_IBUF
    SLICE_X3Y132         LUT3 (Prop_lut3_I1_O)        0.124     5.242 r  db_count[0]_i_4/O
                         net (fo=1, routed)           0.000     5.242    db_count[0]_i_4_n_0
    SLICE_X3Y132         CARRY4 (Prop_carry4_S[3]_CO[3])
                                                      0.401     5.643 r  db_count_reg[0]_i_2/CO[3]
                         net (fo=1, routed)           0.000     5.643    db_count_reg[0]_i_2_n_0
    SLICE_X3Y133         CARRY4 (Prop_carry4_CI_CO[3])
                                                      0.114     5.757 r  db_count_reg[4]_i_1/CO[3]
                         net (fo=1, routed)           0.000     5.757    db_count_reg[4]_i_1_n_0
    SLICE_X3Y134         CARRY4 (Prop_carry4_CI_O[1])
                                                      0.334     6.091 r  db_count_reg[8]_i_1/O[1]
                         net (fo=1, routed)           0.000     6.091    db_count_reg[8]_i_1_n_6
    SLICE_X3Y134         FDCE                                         r  db_count_reg[9]/D
  -------------------------------------------------------------------    -------------------

                         (clock sys_clk_pin rise edge)
                                                      0.000     0.000 r  
    E3                                                0.000     0.000 r  clk (IN)
                         net (fo=0)                   0.000     0.000    clk
    E3                   IBUF (Prop_ibuf_I_O)         1.411     1.411 r  clk_IBUF_inst/O
                         net (fo=1, routed)           1.920     3.331    clk_IBUF
    BUFGCTRL_X0Y16       BUFG (Prop_bufg_I_O)         0.091     3.422 r  clk_IBUF_BUFG_inst/O
                         net (fo=91, routed)          1.583     5.005    clk_IBUF_BUFG
    SLICE_X3Y134         FDCE                                         r  db_count_reg[9]/C

Slack:                    inf
  Source:                 start_btn
                            (input port)
  Destination:            db_count_reg[11]/D
                            (rising edge-triggered cell FDCE clocked by sys_clk_pin  {rise@0.000ns fall@5.000ns period=10.000ns})
  Path Group:             (none)
  Path Type:              Setup (Max at Slow Process Corner)
  Data Path Delay:        6.070ns  (logic 2.470ns (40.698%)  route 3.600ns (59.302%))
  Logic Levels:           5  (CARRY4=3 IBUF=1 LUT3=1)
  Clock Path Skew:        5.005ns (DCD - SCD + CPR)
    Destination Clock Delay (DCD):    5.005ns
    Source Clock Delay      (SCD):    0.000ns
    Clock Pessimism Removal (CPR):    0.000ns
  Clock Uncertainty:      0.025ns  ((TSJ^2 + TIJ^2)^1/2 + DJ) / 2 + PE
    Total System Jitter     (TSJ):    0.050ns
    Total Input Jitter      (TIJ):    0.000ns
    Discrete Jitter          (DJ):    0.000ns
    Phase Error              (PE):    0.000ns

    Location             Delay type                Incr(ns)  Path(ns)    Netlist Resource(s)
  -------------------------------------------------------------------    -------------------
    C9                                                0.000     0.000 r  start_btn (IN)
                         net (fo=0)                   0.000     0.000    start_btn
    C9                   IBUF (Prop_ibuf_I_O)         1.518     1.518 r  start_btn_IBUF_inst/O
                         net (fo=25, routed)          3.600     5.118    start_btn_IBUF
    SLICE_X3Y132         LUT3 (Prop_lut3_I1_O)        0.124     5.242 r  db_count[0]_i_4/O
                         net (fo=1, routed)           0.000     5.242    db_count[0]_i_4_n_0
    SLICE_X3Y132         CARRY4 (Prop_carry4_S[3]_CO[3])
                                                      0.401     5.643 r  db_count_reg[0]_i_2/CO[3]
                         net (fo=1, routed)           0.000     5.643    db_count_reg[0]_i_2_n_0
    SLICE_X3Y133         CARRY4 (Prop_carry4_CI_CO[3])
                                                      0.114     5.757 r  db_count_reg[4]_i_1/CO[3]
                         net (fo=1, routed)           0.000     5.757    db_count_reg[4]_i_1_n_0
    SLICE_X3Y134         CARRY4 (Prop_carry4_CI_O[3])
                                                      0.313     6.070 r  db_count_reg[8]_i_1/O[3]
                         net (fo=1, routed)           0.000     6.070    db_count_reg[8]_i_1_n_4
    SLICE_X3Y134         FDCE                                         r  db_count_reg[11]/D
  -------------------------------------------------------------------    -------------------

                         (clock sys_clk_pin rise edge)
                                                      0.000     0.000 r  
    E3                                                0.000     0.000 r  clk (IN)
                         net (fo=0)                   0.000     0.000    clk
    E3                   IBUF (Prop_ibuf_I_O)         1.411     1.411 r  clk_IBUF_inst/O
                         net (fo=1, routed)           1.920     3.331    clk_IBUF
    BUFGCTRL_X0Y16       BUFG (Prop_bufg_I_O)         0.091     3.422 r  clk_IBUF_BUFG_inst/O
                         net (fo=91, routed)          1.583     5.005    clk_IBUF_BUFG
    SLICE_X3Y134         FDCE                                         r  db_count_reg[11]/C





Min Delay Paths
--------------------------------------------------------------------------------------
Slack:                    inf
  Source:                 digit_sel_reg[0]/C
                            (rising edge-triggered cell FDRE)
  Destination:            an_reg[0]/D
                            (rising edge-triggered cell FDRE clocked by sys_clk_pin  {rise@0.000ns fall@5.000ns period=10.000ns})
  Path Group:             (none)
  Path Type:              Hold (Min at Fast Process Corner)
  Data Path Delay:        0.377ns  (logic 0.186ns (49.334%)  route 0.191ns (50.666%))
  Logic Levels:           2  (FDRE=1 LUT2=1)
  Clock Uncertainty:      0.025ns  ((TSJ^2 + TIJ^2)^1/2 + DJ) / 2 + PE
    Total System Jitter     (TSJ):    0.050ns
    Total Input Jitter      (TIJ):    0.000ns
    Discrete Jitter          (DJ):    0.000ns
    Phase Error              (PE):    0.000ns

    Location             Delay type                Incr(ns)  Path(ns)    Netlist Resource(s)
  -------------------------------------------------------------------    -------------------
    SLICE_X0Y138         FDRE                         0.000     0.000 r  digit_sel_reg[0]/C
    SLICE_X0Y138         FDRE (Prop_fdre_C_Q)         0.141     0.141 f  digit_sel_reg[0]/Q
                         net (fo=10, routed)          0.191     0.332    digit_sel[0]
    SLICE_X0Y139         LUT2 (Prop_lut2_I1_O)        0.045     0.377 r  an[0]_i_1/O
                         net (fo=1, routed)           0.000     0.377    an[0]_i_1_n_0
    SLICE_X0Y139         FDRE                                         r  an_reg[0]/D
  -------------------------------------------------------------------    -------------------

                         (clock sys_clk_pin rise edge)
                                                      0.000     0.000 r  
    E3                                                0.000     0.000 r  clk (IN)
                         net (fo=0)                   0.000     0.000    clk
    E3                   IBUF (Prop_ibuf_I_O)         0.438     0.438 r  clk_IBUF_inst/O
                         net (fo=1, routed)           0.699     1.136    clk_IBUF
    BUFGCTRL_X0Y16       BUFG (Prop_bufg_I_O)         0.029     1.165 r  clk_IBUF_BUFG_inst/O
                         net (fo=91, routed)          0.869     2.034    clk_IBUF_BUFG
    SLICE_X0Y139         FDRE                                         r  an_reg[0]/C

Slack:                    inf
  Source:                 digit_sel_reg[0]/C
                            (rising edge-triggered cell FDRE)
  Destination:            an_reg[2]/D
                            (rising edge-triggered cell FDRE clocked by sys_clk_pin  {rise@0.000ns fall@5.000ns period=10.000ns})
  Path Group:             (none)
  Path Type:              Hold (Min at Fast Process Corner)
  Data Path Delay:        0.378ns  (logic 0.186ns (49.204%)  route 0.192ns (50.796%))
  Logic Levels:           2  (FDRE=1 LUT2=1)
  Clock Uncertainty:      0.025ns  ((TSJ^2 + TIJ^2)^1/2 + DJ) / 2 + PE
    Total System Jitter     (TSJ):    0.050ns
    Total Input Jitter      (TIJ):    0.000ns
    Discrete Jitter          (DJ):    0.000ns
    Phase Error              (PE):    0.000ns

    Location             Delay type                Incr(ns)  Path(ns)    Netlist Resource(s)
  -------------------------------------------------------------------    -------------------
    SLICE_X0Y138         FDRE                         0.000     0.000 r  digit_sel_reg[0]/C
    SLICE_X0Y138         FDRE (Prop_fdre_C_Q)         0.141     0.141 f  digit_sel_reg[0]/Q
                         net (fo=10, routed)          0.192     0.333    digit_sel[0]
    SLICE_X0Y139         LUT2 (Prop_lut2_I1_O)        0.045     0.378 r  an[2]_i_1/O
                         net (fo=1, routed)           0.000     0.378    an_next[2]
    SLICE_X0Y139         FDRE                                         r  an_reg[2]/D
  -------------------------------------------------------------------    -------------------

                         (clock sys_clk_pin rise edge)
                                                      0.000     0.000 r  
    E3                                                0.000     0.000 r  clk (IN)
                         net (fo=0)                   0.000     0.000    clk
    E3                   IBUF (Prop_ibuf_I_O)         0.438     0.438 r  clk_IBUF_inst/O
                         net (fo=1, routed)           0.699     1.136    clk_IBUF
    BUFGCTRL_X0Y16       BUFG (Prop_bufg_I_O)         0.029     1.165 r  clk_IBUF_BUFG_inst/O
                         net (fo=91, routed)          0.869     2.034    clk_IBUF_BUFG
    SLICE_X0Y139         FDRE                                         r  an_reg[2]/C

Slack:                    inf
  Source:                 digit_sel_reg[0]/C
                            (rising edge-triggered cell FDRE)
  Destination:            an_reg[1]/D
                            (rising edge-triggered cell FDRE clocked by sys_clk_pin  {rise@0.000ns fall@5.000ns period=10.000ns})
  Path Group:             (none)
  Path Type:              Hold (Min at Fast Process Corner)
  Data Path Delay:        0.380ns  (logic 0.189ns (49.734%)  route 0.191ns (50.266%))
  Logic Levels:           2  (FDRE=1 LUT2=1)
  Clock Uncertainty:      0.025ns  ((TSJ^2 + TIJ^2)^1/2 + DJ) / 2 + PE
    Total System Jitter     (TSJ):    0.050ns
    Total Input Jitter      (TIJ):    0.000ns
    Discrete Jitter          (DJ):    0.000ns
    Phase Error              (PE):    0.000ns

    Location             Delay type                Incr(ns)  Path(ns)    Netlist Resource(s)
  -------------------------------------------------------------------    -------------------
    SLICE_X0Y138         FDRE                         0.000     0.000 r  digit_sel_reg[0]/C
    SLICE_X0Y138         FDRE (Prop_fdre_C_Q)         0.141     0.141 r  digit_sel_reg[0]/Q
                         net (fo=10, routed)          0.191     0.332    digit_sel[0]
    SLICE_X0Y139         LUT2 (Prop_lut2_I0_O)        0.048     0.380 r  an[1]_i_1/O
                         net (fo=1, routed)           0.000     0.380    an[1]_i_1_n_0
    SLICE_X0Y139         FDRE                                         r  an_reg[1]/D
  -------------------------------------------------------------------    -------------------

                         (clock sys_clk_pin rise edge)
                                                      0.000     0.000 r  
    E3                                                0.000     0.000 r  clk (IN)
                         net (fo=0)                   0.000     0.000    clk
    E3                   IBUF (Prop_ibuf_I_O)         0.438     0.438 r  clk_IBUF_inst/O
                         net (fo=1, routed)           0.699     1.136    clk_IBUF
    BUFGCTRL_X0Y16       BUFG (Prop_bufg_I_O)         0.029     1.165 r  clk_IBUF_BUFG_inst/O
                         net (fo=91, routed)          0.869     2.034    clk_IBUF_BUFG
    SLICE_X0Y139         FDRE                                         r  an_reg[1]/C

Slack:                    inf
  Source:                 digit_sel_reg[0]/C
                            (rising edge-triggered cell FDRE)
  Destination:            seg_reg[3]/D
                            (rising edge-triggered cell FDRE clocked by sys_clk_pin  {rise@0.000ns fall@5.000ns period=10.000ns})
  Path Group:             (none)
  Path Type:              Hold (Min at Fast Process Corner)
  Data Path Delay:        0.382ns  (logic 0.190ns (49.736%)  route 0.192ns (50.264%))
  Logic Levels:           2  (FDRE=1 LUT5=1)
  Clock Uncertainty:      0.025ns  ((TSJ^2 + TIJ^2)^1/2 + DJ) / 2 + PE
    Total System Jitter     (TSJ):    0.050ns
    Total Input Jitter      (TIJ):    0.000ns
    Discrete Jitter          (DJ):    0.000ns
    Phase Error              (PE):    0.000ns

    Location             Delay type                Incr(ns)  Path(ns)    Netlist Resource(s)
  -------------------------------------------------------------------    -------------------
    SLICE_X0Y138         FDRE                         0.000     0.000 r  digit_sel_reg[0]/C
    SLICE_X0Y138         FDRE (Prop_fdre_C_Q)         0.141     0.141 r  digit_sel_reg[0]/Q
                         net (fo=10, routed)          0.192     0.333    digit_sel[0]
    SLICE_X0Y139         LUT5 (Prop_lut5_I1_O)        0.049     0.382 r  seg[3]_i_2/O
                         net (fo=1, routed)           0.000     0.382    seg_next[3]
    SLICE_X0Y139         FDRE                                         r  seg_reg[3]/D
  -------------------------------------------------------------------    -------------------

                         (clock sys_clk_pin rise edge)
                                                      0.000     0.000 r  
    E3                                                0.000     0.000 r  clk (IN)
                         net (fo=0)                   0.000     0.000    clk
    E3                   IBUF (Prop_ibuf_I_O)         0.438     0.438 r  clk_IBUF_inst/O
                         net (fo=1, routed)           0.699     1.136    clk_IBUF
    BUFGCTRL_X0Y16       BUFG (Prop_bufg_I_O)         0.029     1.165 r  clk_IBUF_BUFG_inst/O
                         net (fo=91, routed)          0.869     2.034    clk_IBUF_BUFG
    SLICE_X0Y139         FDRE                                         r  seg_reg[3]/C

Slack:                    inf
  Source:                 digit_sel_reg[0]/C
                            (rising edge-triggered cell FDRE)
  Destination:            an_reg[3]/D
                            (rising edge-triggered cell FDRE clocked by sys_clk_pin  {rise@0.000ns fall@5.000ns period=10.000ns})
  Path Group:             (none)
  Path Type:              Hold (Min at Fast Process Corner)
  Data Path Delay:        0.469ns  (logic 0.186ns (39.690%)  route 0.283ns (60.310%))
  Logic Levels:           2  (FDRE=1 LUT2=1)
  Clock Uncertainty:      0.025ns  ((TSJ^2 + TIJ^2)^1/2 + DJ) / 2 + PE
    Total System Jitter     (TSJ):    0.050ns
    Total Input Jitter      (TIJ):    0.000ns
    Discrete Jitter          (DJ):    0.000ns
    Phase Error              (PE):    0.000ns

    Location             Delay type                Incr(ns)  Path(ns)    Netlist Resource(s)
  -------------------------------------------------------------------    -------------------
    SLICE_X0Y138         FDRE                         0.000     0.000 r  digit_sel_reg[0]/C
    SLICE_X0Y138         FDRE (Prop_fdre_C_Q)         0.141     0.141 r  digit_sel_reg[0]/Q
                         net (fo=10, routed)          0.283     0.424    digit_sel[0]
    SLICE_X0Y146         LUT2 (Prop_lut2_I1_O)        0.045     0.469 r  an[3]_i_1/O
                         net (fo=1, routed)           0.000     0.469    an_next[3]
    SLICE_X0Y146         FDRE                                         r  an_reg[3]/D
  -------------------------------------------------------------------    -------------------

                         (clock sys_clk_pin rise edge)
                                                      0.000     0.000 r  
    E3                                                0.000     0.000 r  clk (IN)
                         net (fo=0)                   0.000     0.000    clk
    E3                   IBUF (Prop_ibuf_I_O)         0.438     0.438 r  clk_IBUF_inst/O
                         net (fo=1, routed)           0.699     1.136    clk_IBUF
    BUFGCTRL_X0Y16       BUFG (Prop_bufg_I_O)         0.029     1.165 r  clk_IBUF_BUFG_inst/O
                         net (fo=91, routed)          0.871     2.036    clk_IBUF_BUFG
    SLICE_X0Y146         FDRE                                         r  an_reg[3]/C

Slack:                    inf
  Source:                 digit_sel_reg[0]/C
                            (rising edge-triggered cell FDRE)
  Destination:            seg_reg[0]/D
                            (rising edge-triggered cell FDRE clocked by sys_clk_pin  {rise@0.000ns fall@5.000ns period=10.000ns})
  Path Group:             (none)
  Path Type:              Hold (Min at Fast Process Corner)
  Data Path Delay:        0.472ns  (logic 0.189ns (40.073%)  route 0.283ns (59.927%))
  Logic Levels:           2  (FDRE=1 LUT5=1)
  Clock Uncertainty:      0.025ns  ((TSJ^2 + TIJ^2)^1/2 + DJ) / 2 + PE
    Total System Jitter     (TSJ):    0.050ns
    Total Input Jitter      (TIJ):    0.000ns
    Discrete Jitter          (DJ):    0.000ns
    Phase Error              (PE):    0.000ns

    Location             Delay type                Incr(ns)  Path(ns)    Netlist Resource(s)
  -------------------------------------------------------------------    -------------------
    SLICE_X0Y138         FDRE                         0.000     0.000 r  digit_sel_reg[0]/C
    SLICE_X0Y138         FDRE (Prop_fdre_C_Q)         0.141     0.141 r  digit_sel_reg[0]/Q
                         net (fo=10, routed)          0.283     0.424    digit_sel[0]
    SLICE_X0Y146         LUT5 (Prop_lut5_I1_O)        0.048     0.472 r  seg[0]_i_1/O
                         net (fo=1, routed)           0.000     0.472    seg_next[0]
    SLICE_X0Y146         FDRE                                         r  seg_reg[0]/D
  -------------------------------------------------------------------    -------------------

                         (clock sys_clk_pin rise edge)
                                                      0.000     0.000 r  
    E3                                                0.000     0.000 r  clk (IN)
                         net (fo=0)                   0.000     0.000    clk
    E3                   IBUF (Prop_ibuf_I_O)         0.438     0.438 r  clk_IBUF_inst/O
                         net (fo=1, routed)           0.699     1.136    clk_IBUF
    BUFGCTRL_X0Y16       BUFG (Prop_bufg_I_O)         0.029     1.165 r  clk_IBUF_BUFG_inst/O
                         net (fo=91, routed)          0.871     2.036    clk_IBUF_BUFG
    SLICE_X0Y146         FDRE                                         r  seg_reg[0]/C

Slack:                    inf
  Source:                 digit_sel_reg[0]/C
                            (rising edge-triggered cell FDRE)
  Destination:            seg_reg[2]/D
                            (rising edge-triggered cell FDRE clocked by sys_clk_pin  {rise@0.000ns fall@5.000ns period=10.000ns})
  Path Group:             (none)
  Path Type:              Hold (Min at Fast Process Corner)
  Data Path Delay:        0.556ns  (logic 0.221ns (39.765%)  route 0.335ns (60.235%))
  Logic Levels:           2  (FDRE=1 MUXF8=1)
  Clock Uncertainty:      0.025ns  ((TSJ^2 + TIJ^2)^1/2 + DJ) / 2 + PE
    Total System Jitter     (TSJ):    0.050ns
    Total Input Jitter      (TIJ):    0.000ns
    Discrete Jitter          (DJ):    0.000ns
    Phase Error              (PE):    0.000ns

    Location             Delay type                Incr(ns)  Path(ns)    Netlist Resource(s)
  -------------------------------------------------------------------    -------------------
    SLICE_X0Y138         FDRE                         0.000     0.000 r  digit_sel_reg[0]/C
    SLICE_X0Y138         FDRE (Prop_fdre_C_Q)         0.141     0.141 r  digit_sel_reg[0]/Q
                         net (fo=10, routed)          0.335     0.476    digit_sel[0]
    SLICE_X0Y149         MUXF8 (Prop_muxf8_S_O)       0.080     0.556 r  seg_reg[2]_i_1/O
                         net (fo=1, routed)           0.000     0.556    seg_next[2]
    SLICE_X0Y149         FDRE                                         r  seg_reg[2]/D
  -------------------------------------------------------------------    -------------------

                         (clock sys_clk_pin rise edge)
                                                      0.000     0.000 r  
    E3                                                0.000     0.000 r  clk (IN)
                         net (fo=0)                   0.000     0.000    clk
    E3                   IBUF (Prop_ibuf_I_O)         0.438     0.438 r  clk_IBUF_inst/O
                         net (fo=1, routed)           0.699     1.136    clk_IBUF
    BUFGCTRL_X0Y16       BUFG (Prop_bufg_I_O)         0.029     1.165 r  clk_IBUF_BUFG_inst/O
                         net (fo=91, routed)          0.872     2.037    clk_IBUF_BUFG
    SLICE_X0Y149         FDRE                                         r  seg_reg[2]/C

Slack:                    inf
  Source:                 digit_sel_reg[0]/C
                            (rising edge-triggered cell FDRE)
  Destination:            seg_reg[1]/D
                            (rising edge-triggered cell FDRE clocked by sys_clk_pin  {rise@0.000ns fall@5.000ns period=10.000ns})
  Path Group:             (none)
  Path Type:              Hold (Min at Fast Process Corner)
  Data Path Delay:        0.614ns  (logic 0.221ns (35.995%)  route 0.393ns (64.005%))
  Logic Levels:           2  (FDRE=1 MUXF8=1)
  Clock Uncertainty:      0.025ns  ((TSJ^2 + TIJ^2)^1/2 + DJ) / 2 + PE
    Total System Jitter     (TSJ):    0.050ns
    Total Input Jitter      (TIJ):    0.000ns
    Discrete Jitter          (DJ):    0.000ns
    Phase Error              (PE):    0.000ns

    Location             Delay type                Incr(ns)  Path(ns)    Netlist Resource(s)
  -------------------------------------------------------------------    -------------------
    SLICE_X0Y138         FDRE                         0.000     0.000 r  digit_sel_reg[0]/C
    SLICE_X0Y138         FDRE (Prop_fdre_C_Q)         0.141     0.141 r  digit_sel_reg[0]/Q
                         net (fo=10, routed)          0.393     0.534    digit_sel[0]
    SLICE_X0Y150         MUXF8 (Prop_muxf8_S_O)       0.080     0.614 r  seg_reg[1]_i_1/O
                         net (fo=1, routed)           0.000     0.614    seg_next[1]
    SLICE_X0Y150         FDRE                                         r  seg_reg[1]/D
  -------------------------------------------------------------------    -------------------

                         (clock sys_clk_pin rise edge)
                                                      0.000     0.000 r  
    E3                                                0.000     0.000 r  clk (IN)
                         net (fo=0)                   0.000     0.000    clk
    E3                   IBUF (Prop_ibuf_I_O)         0.438     0.438 r  clk_IBUF_inst/O
                         net (fo=1, routed)           0.699     1.136    clk_IBUF
    BUFGCTRL_X0Y16       BUFG (Prop_bufg_I_O)         0.029     1.165 r  clk_IBUF_BUFG_inst/O
                         net (fo=91, routed)          0.958     2.123    clk_IBUF_BUFG
    SLICE_X0Y150         FDRE                                         r  seg_reg[1]/C

Slack:                    inf
  Source:                 rst
                            (input port)
  Destination:            minutes_reg[0]/CLR
                            (removal check against rising-edge clock sys_clk_pin  {rise@0.000ns fall@5.000ns period=10.000ns})
  Path Group:             (none)
  Path Type:              Removal (Min at Fast Process Corner)
  Data Path Delay:        1.222ns  (logic 0.255ns (20.875%)  route 0.967ns (79.125%))
  Logic Levels:           1  (IBUF=1)
  Clock Path Skew:        2.123ns (DCD - SCD - CPR)
    Destination Clock Delay (DCD):    2.123ns
    Source Clock Delay      (SCD):    0.000ns
    Clock Pessimism Removal (CPR):    -0.000ns

    Location             Delay type                Incr(ns)  Path(ns)    Netlist Resource(s)
  -------------------------------------------------------------------    -------------------
    D9                                                0.000     0.000 f  rst (IN)
                         net (fo=0)                   0.000     0.000    rst
    D9                   IBUF (Prop_ibuf_I_O)         0.255     0.255 f  rst_IBUF_inst/O
                         net (fo=63, routed)          0.967     1.222    rst_IBUF
    SLICE_X2Y151         FDCE                                         f  minutes_reg[0]/CLR
  -------------------------------------------------------------------    -------------------

                         (clock sys_clk_pin rise edge)
                                                      0.000     0.000 r  
    E3                                                0.000     0.000 r  clk (IN)
                         net (fo=0)                   0.000     0.000    clk
    E3                   IBUF (Prop_ibuf_I_O)         0.438     0.438 r  clk_IBUF_inst/O
                         net (fo=1, routed)           0.699     1.136    clk_IBUF
    BUFGCTRL_X0Y16       BUFG (Prop_bufg_I_O)         0.029     1.165 r  clk_IBUF_BUFG_inst/O
                         net (fo=91, routed)          0.958     2.123    clk_IBUF_BUFG
    SLICE_X2Y151         FDCE                                         r  minutes_reg[0]/C

Slack:                    inf
  Source:                 rst
                            (input port)
  Destination:            minutes_reg[1]/CLR
                            (removal check against rising-edge clock sys_clk_pin  {rise@0.000ns fall@5.000ns period=10.000ns})
  Path Group:             (none)
  Path Type:              Removal (Min at Fast Process Corner)
  Data Path Delay:        1.222ns  (logic 0.255ns (20.875%)  route 0.967ns (79.125%))
  Logic Levels:           1  (IBUF=1)
  Clock Path Skew:        2.123ns (DCD - SCD - CPR)
    Destination Clock Delay (DCD):    2.123ns
    Source Clock Delay      (SCD):    0.000ns
    Clock Pessimism Removal (CPR):    -0.000ns

    Location             Delay type                Incr(ns)  Path(ns)    Netlist Resource(s)
  -------------------------------------------------------------------    -------------------
    D9                                                0.000     0.000 f  rst (IN)
                         net (fo=0)                   0.000     0.000    rst
    D9                   IBUF (Prop_ibuf_I_O)         0.255     0.255 f  rst_IBUF_inst/O
                         net (fo=63, routed)          0.967     1.222    rst_IBUF
    SLICE_X2Y151         FDCE                                         f  minutes_reg[1]/CLR
  -------------------------------------------------------------------    -------------------

                         (clock sys_clk_pin rise edge)
                                                      0.000     0.000 r  
    E3                                                0.000     0.000 r  clk (IN)
                         net (fo=0)                   0.000     0.000    clk
    E3                   IBUF (Prop_ibuf_I_O)         0.438     0.438 r  clk_IBUF_inst/O
                         net (fo=1, routed)           0.699     1.136    clk_IBUF
    BUFGCTRL_X0Y16       BUFG (Prop_bufg_I_O)         0.029     1.165 r  clk_IBUF_BUFG_inst/O
                         net (fo=91, routed)          0.958     2.123    clk_IBUF_BUFG
    SLICE_X2Y151         FDCE                                         r  minutes_reg[1]/C





